nodes,workload,access_pattern,file_sharing,process_grouping,rs,"('wo flush', 'best')","('wo flush', 'best_time')","('wo flush', 'worst')","('wo flush', 'worst_time')","('w flush', 'best')","('w flush', 'best_time')","('w flush', 'worst')","('w flush', 'worst_time')",improvement,improvement_f
16,raw,random,fpp,prod-cons inter node,4096,STDIO-pfs,0.014759,MPIIO-pfs,0.025473000000000003,STDIO-pfs,0.014759,MPIIO-pfs,0.025473000000000003,1.7259299410529172,1.7259299410529172
16,raw,random,fpp,prod-cons inter node,65536,POSIX-pfs,0.042948,STDIO-pfs,0.057477,POSIX-pfs,0.042948,STDIO-pfs,0.057477,1.3382928192232468,1.3382928192232468
16,raw,random,fpp,prod-cons inter node,1048576,STDIO-pfs,1.4697209999999998,MPIIO-pfs,4.730651,STDIO-pfs,1.4697209999999998,MPIIO-pfs,4.730651,3.2187408358457152,3.2187408358457152
16,raw,random,fpp,prod-cons same node,4096,STDIO-shm,0.006499,MPIIO-pfs,0.021049,STDIO-shm,1.590185,MPIIO-pfs,0.021049,3.2388059701492535,205.7133654266958
16,raw,random,fpp,prod-cons same node,65536,POSIX-shm,0.015876,STDIO-bb,0.04848144,POSIX-shm,1.582569,STDIO-bb,1.74671444,3.0537566137566134,55.51955088199254
16,raw,random,fpp,prod-cons same node,1048576,POSIX-shm,0.20128600000000002,MPIIO-pfs,0.814369,POSIX-shm,3.123344,MPIIO-pfs,0.814369,4.045830311099629,8.649001859165905
16,raw,random,fpp,same,4096,STDIO-shm,0.007037,MPIIO-pfs,0.028387,STDIO-shm,2.109176,MPIIO-pfs,0.028387,4.0339633366491405,155.6587453874539
16,raw,random,fpp,same,65536,POSIX-shm,0.024202,STDIO-bb,0.06367535999999999,POSIX-shm,1.942747,STDIO-bb,2.18081236,2.6309957854722743,51.78846734742342
16,raw,random,fpp,same,1048576,MPIIO-shm,0.349205,MPIIO-pfs,4.832320999999999,MPIIO-shm,3.791482,MPIIO-pfs,4.832320999999999,13.838063601609369,3.8939600739141413
16,raw,seq,fpp,prod-cons inter node,4096,STDIO-pfs,0.015299,MPIIO-pfs,0.024384,STDIO-pfs,0.015299,MPIIO-pfs,0.024384,1.5938296620694163,1.5938296620694163
16,raw,seq,fpp,prod-cons inter node,65536,POSIX-pfs,0.042755,STDIO-pfs,0.050748,POSIX-pfs,0.042755,STDIO-pfs,0.050748,1.1869488948660976,1.1869488948660976
16,raw,seq,fpp,prod-cons inter node,1048576,MPIIO-pfs,1.419289,POSIX-pfs,1.585519,MPIIO-pfs,1.419289,POSIX-pfs,1.585519,1.1171220237738755,1.1171220237738755
16,raw,seq,fpp,prod-cons same node,4096,STDIO-shm,0.006378,MPIIO-pfs,0.021047,STDIO-shm,1.954506,MPIIO-pfs,0.021047,3.299937284415177,234.89489580608597
16,raw,seq,fpp,prod-cons same node,65536,POSIX-shm,0.015856000000000002,STDIO-bb,0.04837055999999999,POSIX-shm,1.913952,STDIO-bb,1.54553956,3.0506155398587276,55.842679582190584
16,raw,seq,fpp,prod-cons same node,1048576,POSIX-shm,0.20124,POSIX-pfs,0.659792,POSIX-shm,2.65536,POSIX-pfs,0.659792,3.278632478632479,8.45957400143752
16,raw,seq,fpp,same,4096,STDIO-shm,0.006991000000000001,MPIIO-pfs,0.02861,STDIO-shm,1.67535,MPIIO-pfs,0.02861,4.092404520097268,133.6893443814508
16,raw,seq,fpp,same,65536,POSIX-shm,0.024052999999999998,STDIO-bb,0.06346032,POSIX-shm,2.0165129999999998,STDIO-bb,1.7409613199999998,2.638353635721116,53.80563069640969
16,raw,seq,fpp,same,1048576,MPIIO-shm,0.348959,MPIIO-pfs,1.682166,MPIIO-shm,4.985474,MPIIO-pfs,1.682166,4.8205261936216,3.6687813812881243
16,ro,random,fpp,same,4096,STDIO-shm,0.003408,MPIIO-pfs,0.016837,STDIO-shm,0.022521000000000003,MPIIO-pfs,0.016837,4.94043427230047,3.1464876840870586
16,ro,random,fpp,same,65536,STDIO-shm,0.00914,MPIIO-pfs,0.028348,STDIO-shm,0.163193,MPIIO-pfs,0.028348,3.1015317286652078,7.023447243701672
16,ro,random,fpp,same,1048576,MPIIO-shm,0.106829,MPIIO-pfs,2.323152,MPIIO-shm,2.843607,MPIIO-pfs,2.323152,21.746454614383737,2.9738316101981823
16,ro,seq,fpp,same,4096,STDIO-shm,0.003423,POSIX-pfs,0.016841,STDIO-shm,0.015026000000000001,POSIX-pfs,0.016841,4.91995325737657,2.164096633256232
16,ro,seq,fpp,same,65536,MPIIO-shm,0.008986,MPIIO-pfs,0.040204,MPIIO-shm,0.15565099999999998,MPIIO-pfs,0.040204,4.474070776763855,7.399411661397962
16,ro,seq,fpp,same,1048576,POSIX-shm,0.106936,POSIX-pfs,0.980701,POSIX-shm,2.8559930000000002,POSIX-pfs,0.980701,9.170915313832573,3.640437877854365
16,update,random,fpp,same,4096,MPIIO-shm,0.005862,STDIO-bb,0.030619679999999996,MPIIO-shm,1.914887,STDIO-bb,1.73102068,5.223418628454452,111.29828538215634
16,update,random,fpp,same,65536,MPIIO-shm,0.012547,MPIIO-pfs,0.06857,MPIIO-shm,1.856525,MPIIO-pfs,0.06857,5.465051406710768,115.1959639859193
16,update,random,fpp,same,1048576,STDIO-shm,0.159192,MPIIO-pfs,44.119145,STDIO-shm,3.301412,MPIIO-pfs,44.119145,277.1442346349063,13.363719826546944
16,update,seq,fpp,same,4096,MPIIO-shm,0.005972,STDIO-pfs,0.028062,MPIIO-shm,1.953033,STDIO-pfs,0.028062,4.698928332217013,141.64235551462124
16,update,seq,fpp,same,65536,MPIIO-shm,0.013507,MPIIO-pfs,0.048905,MPIIO-shm,2.0449740000000003,MPIIO-pfs,0.048905,3.6207151847190344,95.79187451342236
16,update,seq,fpp,same,1048576,STDIO-shm,0.165782,POSIX-pfs,1.804417,STDIO-shm,4.127685,POSIX-pfs,1.804417,10.884275735604588,10.058154282058315
16,wo,seq,fpp,same,4096,STDIO-shm,0.003839,MPIIO-bb,0.02141328,STDIO-shm,1.6659,MPIIO-bb,1.75600128,5.577827559260224,378.2927614125754
16,wo,seq,fpp,same,65536,POSIX-shm,0.014449,STDIO-bb,0.06337295999999999,POSIX-shm,2.223544,STDIO-bb,1.96578996,4.385975500034604,160.1388622111745
16,wo,seq,fpp,same,1048576,MPIIO-shm,0.227322,MPIIO-pfs,1.117286,MPIIO-shm,5.742641,MPIIO-pfs,1.117286,4.914992829554553,9.128924108988015
16,worm,random,fpp,prod-cons inter node,4096,STDIO-pfs,0.009386,MPIIO-pfs,0.014782,STDIO-pfs,0.009386,MPIIO-pfs,0.014782,1.574898785425101,1.574898785425101
16,worm,random,fpp,prod-cons inter node,65536,POSIX-pfs,0.034297999999999995,MPIIO-pfs,0.054078999999999995,POSIX-pfs,0.034297999999999995,MPIIO-pfs,0.054078999999999995,1.5767391684646337,1.5767391684646337
16,worm,random,fpp,prod-cons inter node,1048576,STDIO-pfs,2.009678,MPIIO-pfs,3.770077,STDIO-pfs,2.009678,MPIIO-pfs,3.770077,1.8759607260466602,1.8759607260466602
16,worm,random,fpp,prod-cons same node,4096,STDIO-bb,0.0016598399999999997,MPIIO-pfs,0.010237,STDIO-bb,1.37046784,MPIIO-pfs,0.010237,6.167461924040873,261.5751121076233
16,worm,random,fpp,prod-cons same node,65536,STDIO-shm,0.021387,POSIX-pfs,0.051855,STDIO-shm,1.661006,POSIX-pfs,0.051855,2.424603731238603,68.66066368625741
16,worm,random,fpp,prod-cons same node,1048576,POSIX-shm,0.297708,STDIO-pfs,1.100215,POSIX-shm,2.661004,STDIO-pfs,1.100215,3.6956178537358757,5.622299098163065
16,worm,random,fpp,same,4096,MPIIO-bb,0.00426048,MPIIO-pfs,0.017316,MPIIO-bb,1.5628744799999998,MPIIO-pfs,0.017316,4.064330779630465,214.64207371007373
16,worm,random,fpp,same,65536,POSIX-pfs,0.033057,MPIIO-bb,0.08439311999999999,POSIX-pfs,0.033057,MPIIO-bb,1.8581551200000002,2.55295761865868,86.17705780923859
16,worm,random,fpp,same,1048576,STDIO-shm,0.530929,MPIIO-pfs,4.974429,STDIO-shm,4.555141000000001,MPIIO-pfs,4.974429,9.369292315921715,2.1123091909373017
16,worm,seq,fpp,prod-cons inter node,4096,STDIO-pfs,0.01029,POSIX-pfs,0.012261,STDIO-pfs,0.01029,POSIX-pfs,0.012261,1.1915451895043732,1.1915451895043732
16,worm,seq,fpp,prod-cons inter node,65536,POSIX-pfs,0.034325,STDIO-pfs,0.0415,POSIX-pfs,0.034325,STDIO-pfs,0.0415,1.2090313182811363,1.2090313182811363
16,worm,seq,fpp,prod-cons inter node,1048576,POSIX-pfs,1.6609319999999999,STDIO-pfs,2.028447,POSIX-pfs,1.6609319999999999,STDIO-pfs,2.028447,1.221270347009992,1.221270347009992
16,worm,seq,fpp,prod-cons same node,4096,POSIX-bb,0.0016564799999999997,MPIIO-pfs,0.011522000000000001,POSIX-bb,1.75958148,MPIIO-pfs,0.011522000000000001,6.955713319810685,389.53210084033617
16,worm,seq,fpp,prod-cons same node,65536,POSIX-shm,0.021235,STDIO-bb,0.04683168,POSIX-shm,1.670626,STDIO-bb,1.7376576799999999,2.205400518012715,68.64649599172486
16,worm,seq,fpp,prod-cons same node,1048576,POSIX-shm,0.297179,STDIO-pfs,0.8890450000000001,POSIX-shm,2.9855329999999998,STDIO-pfs,0.8890450000000001,2.9916144815077783,4.952271460761949
16,worm,seq,fpp,same,4096,MPIIO-bb,0.0038438399999999994,MPIIO-pfs,0.017394,MPIIO-bb,1.9795808400000001,MPIIO-pfs,0.017394,4.525162337662338,260.34949894841026
16,worm,seq,fpp,same,65536,POSIX-pfs,0.031963,MPIIO-bb,0.08434944,POSIX-pfs,0.031963,MPIIO-bb,2.07120444,2.6389713105778556,89.81206394894097
16,worm,seq,fpp,same,1048576,STDIO-shm,0.532659,POSIX-pfs,2.7584429999999998,STDIO-shm,4.156496,POSIX-pfs,2.7584429999999998,5.1786283532241075,3.3928967766035774
32,raw,random,fpp,prod-cons inter node,4096,STDIO-pfs,0.017702,MPIIO-pfs,0.026377,STDIO-pfs,0.017702,MPIIO-pfs,0.026377,1.490057620607841,1.490057620607841
32,raw,random,fpp,prod-cons inter node,65536,POSIX-pfs,0.044813000000000006,MPIIO-pfs,0.058341,POSIX-pfs,0.044813000000000006,MPIIO-pfs,0.058341,1.3018766875683394,1.3018766875683394
32,raw,random,fpp,prod-cons inter node,1048576,POSIX-pfs,2.264528,MPIIO-pfs,3.9564500000000002,POSIX-pfs,2.264528,MPIIO-pfs,3.9564500000000002,1.7471411260978007,1.7471411260978007
32,raw,random,fpp,prod-cons same node,4096,STDIO-shm,0.006402,MPIIO-pfs,0.021268,STDIO-shm,2.189484,MPIIO-pfs,0.021268,3.3220868478600436,188.40753807761814
32,raw,random,fpp,prod-cons same node,65536,POSIX-shm,0.015973,STDIO-pfs,0.076004,POSIX-shm,1.237299,STDIO-pfs,0.076004,4.758279596819633,41.23599286563615
32,raw,random,fpp,prod-cons same node,1048576,POSIX-shm,0.20074999999999998,STDIO-pfs,1.199023,POSIX-shm,2.8262980000000004,STDIO-pfs,1.199023,5.972717310087173,3.254548571367729
32,raw,random,fpp,same,4096,STDIO-shm,0.007051,MPIIO-pfs,0.029505,STDIO-shm,1.976432,MPIIO-pfs,0.029505,4.1845128350588565,157.1156977574632
32,raw,random,fpp,same,65536,POSIX-shm,0.024061,MPIIO-pfs,0.08354800000000001,POSIX-shm,1.4216039999999999,MPIIO-pfs,0.08354800000000001,3.4723411329537432,28.991283196823037
32,raw,random,fpp,same,1048576,MPIIO-shm,0.348474,MPIIO-pfs,7.03675,MPIIO-shm,5.499084000000001,MPIIO-pfs,7.03675,20.19304166164477,2.450574949616381
32,raw,seq,fpp,prod-cons inter node,4096,STDIO-pfs,0.015528,POSIX-pfs,0.024238,STDIO-pfs,0.015528,POSIX-pfs,0.024238,1.5609222050489437,1.5609222050489437
32,raw,seq,fpp,prod-cons inter node,65536,POSIX-pfs,0.047742,STDIO-pfs,0.060197,POSIX-pfs,0.047742,STDIO-pfs,0.060197,1.2608814042143186,1.2608814042143186
32,raw,seq,fpp,prod-cons inter node,1048576,STDIO-pfs,2.14562,MPIIO-pfs,2.339474,STDIO-pfs,2.14562,MPIIO-pfs,2.339474,1.0903487103960627,1.0903487103960627
32,raw,seq,fpp,prod-cons same node,4096,STDIO-shm,0.006423,MPIIO-pfs,0.021324000000000003,STDIO-shm,2.362282,MPIIO-pfs,0.021324000000000003,3.3199439514245683,395.9685443200273
32,raw,seq,fpp,prod-cons same node,65536,POSIX-shm,0.01593,MPIIO-pfs,0.063149,POSIX-shm,1.258614,MPIIO-pfs,0.063149,3.9641556811048333,37.33224303956458
32,raw,seq,fpp,prod-cons same node,1048576,STDIO-shm,0.20080900000000002,POSIX-pfs,1.473554,STDIO-shm,2.66463,POSIX-pfs,1.473554,7.338087436320085,4.210197481257539
32,raw,seq,fpp,same,4096,STDIO-shm,0.007,MPIIO-pfs,0.029296999999999997,STDIO-shm,2.5621590000000003,MPIIO-pfs,0.029296999999999997,4.185285714285714,199.76211608903915
32,raw,seq,fpp,same,65536,POSIX-shm,0.024051,STDIO-bb,0.0645288,POSIX-shm,1.353385,STDIO-bb,1.4130778,2.682998627915679,34.27010587721917
32,raw,seq,fpp,same,1048576,MPIIO-shm,0.348713,STDIO-pfs,3.270283,MPIIO-shm,4.533421,STDIO-pfs,3.270283,9.378150513459493,2.073317945864694
32,ro,random,fpp,same,4096,STDIO-shm,0.003428,POSIX-pfs,0.016799,STDIO-shm,0.015595000000000001,POSIX-pfs,0.016799,4.900525087514586,2.2520757654385055
32,ro,random,fpp,same,65536,POSIX-shm,0.009092,POSIX-pfs,0.037216,POSIX-shm,0.173249,POSIX-pfs,0.037216,4.093268807743071,6.635858740615903
32,ro,random,fpp,same,1048576,MPIIO-shm,0.102629,MPIIO-pfs,4.543161,MPIIO-shm,2.726194,MPIIO-pfs,4.543161,44.26780929366943,3.5692626901529394
32,ro,seq,fpp,same,4096,STDIO-shm,0.003391,POSIX-pfs,0.016803,STDIO-shm,0.015493,POSIX-pfs,0.016803,4.95517546446476,2.4352627570449354
32,ro,seq,fpp,same,65536,POSIX-shm,0.009101,POSIX-pfs,0.034734,POSIX-shm,0.177187,POSIX-pfs,0.034734,3.8165036809141855,7.561107792096954
32,ro,seq,fpp,same,1048576,POSIX-shm,0.101898,POSIX-pfs,1.482554,POSIX-shm,2.6484189999999996,POSIX-pfs,1.482554,14.549392529784686,2.056261708357307
32,update,random,fpp,same,4096,MPIIO-shm,0.005892,STDIO-bb,0.030918719999999997,MPIIO-shm,2.2816579999999997,STDIO-bb,2.1546977199999997,5.247576374745417,272.75309629458883
32,update,random,fpp,same,65536,MPIIO-shm,0.01242,MPIIO-pfs,0.046602,MPIIO-shm,1.757975,MPIIO-pfs,0.046602,3.752173913043478,63.85414843986671
32,update,random,fpp,same,1048576,STDIO-shm,0.158435,POSIX-pfs,67.282056,STDIO-shm,4.437683,POSIX-pfs,67.282056,424.66662038059775,17.95825473945445
32,update,seq,fpp,same,4096,MPIIO-shm,0.005942,STDIO-pfs,0.02793,MPIIO-shm,3.515082,STDIO-pfs,0.02793,4.700437563110063,201.87698139214334
32,update,seq,fpp,same,65536,MPIIO-shm,0.013403,STDIO-bb,0.046949279999999996,MPIIO-shm,1.646542,STDIO-bb,1.60832128,3.5028933820786388,55.35129133038272
32,update,seq,fpp,same,1048576,STDIO-shm,0.164976,POSIX-pfs,2.984902,STDIO-shm,3.9570290000000004,POSIX-pfs,2.984902,18.092946852875567,8.053628491101502
32,wo,seq,fpp,same,4096,STDIO-shm,0.003745,MPIIO-bb,0.021426719999999996,STDIO-shm,1.84169,MPIIO-bb,2.43677072,5.721420560747663,483.1717451523546
32,wo,seq,fpp,same,65536,POSIX-shm,0.014424,STDIO-bb,0.06430367999999999,POSIX-shm,1.873388,STDIO-bb,1.66170068,4.45810316139767,100.15439721999466
32,wo,seq,fpp,same,1048576,MPIIO-shm,0.225085,STDIO-pfs,2.267913,MPIIO-shm,4.358558,STDIO-pfs,2.267913,10.075806917386766,4.015402107845163
32,worm,random,fpp,prod-cons inter node,4096,STDIO-pfs,0.009525,MPIIO-pfs,0.014094,STDIO-pfs,0.009525,MPIIO-pfs,0.014094,1.4796850393700787,1.4796850393700787
32,worm,random,fpp,prod-cons inter node,65536,STDIO-pfs,0.037038,POSIX-pfs,0.051679,STDIO-pfs,0.037038,POSIX-pfs,0.051679,1.3952967222852206,1.3952967222852206
32,worm,random,fpp,prod-cons inter node,1048576,STDIO-pfs,3.019234,MPIIO-pfs,5.771532,STDIO-pfs,3.019234,MPIIO-pfs,5.771532,1.9115881710394091,1.9115881710394091
32,worm,random,fpp,prod-cons same node,4096,POSIX-bb,0.0015993600000000002,POSIX-pfs,0.012878,POSIX-bb,1.53507336,POSIX-pfs,0.012878,8.051970788315325,354.7526412879423
32,worm,random,fpp,prod-cons same node,65536,POSIX-shm,0.021367999999999998,STDIO-bb,0.04689215999999999,POSIX-shm,1.3191950000000001,STDIO-bb,1.43818716,2.1945039311119428,38.248641259540975
32,worm,random,fpp,prod-cons same node,1048576,STDIO-shm,0.297261,STDIO-pfs,1.944916,STDIO-shm,2.949255,STDIO-pfs,1.944916,6.5427889968748,2.782244466606454
32,worm,random,fpp,same,4096,MPIIO-bb,0.0021873599999999997,MPIIO-pfs,0.017293,MPIIO-bb,1.93798136,MPIIO-pfs,0.017293,7.905877404725332,256.36914632722176
32,worm,random,fpp,same,65536,POSIX-shm,0.034408,MPIIO-bb,0.08425871999999998,POSIX-shm,1.405048,MPIIO-bb,1.59235772,2.448811904208323,44.27520422633116
32,worm,random,fpp,same,1048576,MPIIO-shm,0.526717,MPIIO-pfs,6.696308,MPIIO-shm,4.832307999999999,MPIIO-pfs,6.696308,12.7132938560935,1.8177970323168056
32,worm,seq,fpp,prod-cons inter node,4096,STDIO-pfs,0.010127,POSIX-pfs,0.013016,STDIO-pfs,0.010127,POSIX-pfs,0.013016,1.285276982324479,1.285276982324479
32,worm,seq,fpp,prod-cons inter node,65536,MPIIO-pfs,0.039416,STDIO-pfs,0.053257,MPIIO-pfs,0.039416,STDIO-pfs,0.053257,1.3511518165212097,1.3511518165212097
32,worm,seq,fpp,prod-cons inter node,1048576,POSIX-pfs,2.456307,STDIO-pfs,2.625391,POSIX-pfs,2.456307,STDIO-pfs,2.625391,1.0688366722889282,1.0688366722889282
32,worm,seq,fpp,prod-cons same node,4096,POSIX-bb,0.00160608,MPIIO-pfs,0.010258999999999999,POSIX-bb,1.68401008,MPIIO-pfs,0.010258999999999999,6.387602111974497,409.92682926829275
32,worm,seq,fpp,prod-cons same node,65536,POSIX-shm,0.021347,STDIO-bb,0.046956,POSIX-shm,1.297633,STDIO-bb,1.331093,2.19965334707453,46.986969665381004
32,worm,seq,fpp,prod-cons same node,1048576,STDIO-shm,0.297123,STDIO-pfs,1.345176,STDIO-shm,2.753957,STDIO-pfs,1.345176,4.527337163396976,3.6401595713878203
32,worm,seq,fpp,same,4096,MPIIO-bb,0.0028358399999999996,MPIIO-pfs,0.017412,MPIIO-bb,1.81630684,MPIIO-pfs,0.017412,6.139979688557888,357.2216795711733
32,worm,seq,fpp,same,65536,POSIX-shm,0.034456,POSIX-bb,0.08424528,POSIX-shm,1.371706,POSIX-bb,1.48543328,2.4450104481077317,39.89239660543561
32,worm,seq,fpp,same,1048576,STDIO-shm,0.529397,POSIX-pfs,4.3403469999999995,STDIO-shm,4.627992000000001,POSIX-pfs,4.3403469999999995,8.198661873792258,1.5234767336124169
64,raw,random,fpp,prod-cons inter node,4096,STDIO-pfs,0.014478,MPIIO-pfs,0.024477,STDIO-pfs,0.014478,MPIIO-pfs,0.024477,1.6906340654786571,1.6906340654786571
64,raw,random,fpp,prod-cons inter node,65536,POSIX-pfs,0.05202,MPIIO-pfs,0.07187,POSIX-pfs,0.05202,MPIIO-pfs,0.07187,1.3815840061514804,1.3815840061514804
64,raw,random,fpp,prod-cons inter node,1048576,STDIO-pfs,2.450834,MPIIO-pfs,5.882326,STDIO-pfs,2.450834,MPIIO-pfs,5.882326,2.400132363105784,2.400132363105784
64,raw,random,fpp,prod-cons same node,4096,STDIO-shm,0.006411,MPIIO-pfs,0.020791999999999998,STDIO-shm,1.2472079999999999,MPIIO-pfs,0.020791999999999998,3.243175791608173,109.80876914949813
64,raw,random,fpp,prod-cons same node,65536,POSIX-shm,0.015866,POSIX-pfs,0.097631,POSIX-shm,1.4092879999999999,POSIX-pfs,0.097631,6.153472834993066,21.996851767423482
64,raw,random,fpp,prod-cons same node,1048576,POSIX-shm,0.199642,MPIIO-pfs,2.6701680000000003,POSIX-shm,4.555817,MPIIO-pfs,2.6701680000000003,13.374780857735349,4.256837984181044
64,raw,random,fpp,same,4096,STDIO-shm,0.006998,MPIIO-pfs,0.028333999999999998,STDIO-shm,1.30393,MPIIO-pfs,0.028333999999999998,4.048871106030294,99.54814004376368
64,raw,random,fpp,same,65536,POSIX-shm,0.024117,STDIO-pfs,0.07787,POSIX-shm,2.223518,STDIO-pfs,0.07787,3.228842725048721,44.68215340714988
64,raw,random,fpp,same,1048576,MPIIO-shm,0.34553,POSIX-pfs,7.234434,MPIIO-shm,6.921073,POSIX-pfs,7.234434,20.937209504239863,2.383284005473059
64,raw,seq,fpp,prod-cons inter node,4096,STDIO-pfs,0.014419000000000001,MPIIO-pfs,0.023624,STDIO-pfs,0.014419000000000001,MPIIO-pfs,0.023624,1.6383937859768358,1.6383937859768358
64,raw,seq,fpp,prod-cons inter node,65536,POSIX-pfs,0.047017,MPIIO-pfs,0.055858000000000005,POSIX-pfs,0.047017,MPIIO-pfs,0.055858000000000005,1.188038369100538,1.188038369100538
64,raw,seq,fpp,prod-cons inter node,1048576,MPIIO-pfs,2.564813,POSIX-pfs,2.81265,MPIIO-pfs,2.564813,POSIX-pfs,2.81265,1.0966296568209846,1.0966296568209846
64,raw,seq,fpp,prod-cons same node,4096,STDIO-shm,0.006377,MPIIO-pfs,0.021218,STDIO-shm,1.243389,MPIIO-pfs,0.021218,3.3272698761172967,122.56591387390576
64,raw,seq,fpp,prod-cons same node,65536,POSIX-shm,0.015984,MPIIO-pfs,0.1027,POSIX-shm,1.364253,MPIIO-pfs,0.1027,6.425175175175174,35.76799588371495
64,raw,seq,fpp,prod-cons same node,1048576,POSIX-shm,0.199603,POSIX-pfs,1.532475,POSIX-shm,4.676234,POSIX-pfs,1.532475,7.677615065905823,6.599040589047401
64,raw,seq,fpp,same,4096,STDIO-shm,0.00695,MPIIO-pfs,0.028586999999999998,STDIO-shm,1.293149,MPIIO-pfs,0.028586999999999998,4.113237410071942,239.8963612256924
64,raw,seq,fpp,same,65536,MPIIO-shm,0.023431,POSIX-pfs,0.09994700000000001,MPIIO-shm,1.501498,POSIX-pfs,0.09994700000000001,4.265588323161624,26.5460021547979
64,raw,seq,fpp,same,1048576,MPIIO-shm,0.346043,MPIIO-pfs,3.807598,MPIIO-shm,8.534472,MPIIO-pfs,3.807598,11.003251041055591,2.652790280147011
64,ro,random,fpp,same,4096,STDIO-shm,0.00344,POSIX-pfs,0.01678,STDIO-shm,0.017256,POSIX-pfs,0.01678,4.877906976744186,2.2329192546583854
64,ro,random,fpp,same,65536,POSIX-shm,0.00898,POSIX-pfs,0.0553,POSIX-shm,0.172404,POSIX-pfs,0.0553,6.158129175946548,8.471270291162073
64,ro,random,fpp,same,1048576,MPIIO-shm,0.08669,MPIIO-pfs,8.659065,MPIIO-shm,2.772677,MPIIO-pfs,8.659065,99.88539623947399,3.8548981636060105
64,ro,seq,fpp,same,4096,STDIO-shm,0.003422,POSIX-pfs,0.016763,STDIO-shm,0.01867,POSIX-pfs,0.016763,4.8985973115137345,2.396970086018744
64,ro,seq,fpp,same,65536,POSIX-shm,0.009155,POSIX-pfs,0.100487,POSIX-shm,0.179994,POSIX-pfs,0.100487,10.976187875477882,3.05033215835141
64,ro,seq,fpp,same,1048576,STDIO-shm,0.082577,STDIO-pfs,2.531215,STDIO-shm,2.471336,STDIO-pfs,2.531215,30.652784673698488,1.1180542304216268
64,update,random,fpp,same,4096,MPIIO-shm,0.005877,STDIO-bb,0.031617599999999996,MPIIO-shm,1.5968019999999998,STDIO-bb,1.5293366,5.379887697805001,93.77789406509254
64,update,random,fpp,same,65536,MPIIO-shm,0.012465,POSIX-pfs,0.114487,MPIIO-shm,2.2354380000000003,POSIX-pfs,0.114487,9.184677095868432,75.77031265155678
64,update,random,fpp,same,1048576,STDIO-shm,0.158046,STDIO-pfs,575.408562,STDIO-shm,6.757529,STDIO-pfs,575.408562,3640.7663718158005,89.40443640772912
64,update,seq,fpp,same,4096,MPIIO-shm,0.005956,STDIO-bb,0.02738399999999999,MPIIO-shm,1.748178,STDIO-bb,1.6685320000000001,4.597716588314303,105.4014640613292
64,update,seq,fpp,same,65536,MPIIO-shm,0.013483,MPIIO-pfs,0.069289,MPIIO-shm,2.220507,MPIIO-pfs,0.069289,5.13898983905659,88.16740900015358
64,update,seq,fpp,same,1048576,STDIO-shm,0.165406,POSIX-pfs,6.228624,STDIO-shm,6.670399,POSIX-pfs,6.228624,37.65657835870525,8.680608003991342
64,wo,seq,fpp,same,4096,STDIO-shm,0.003759,MPIIO-bb,0.021053759999999998,STDIO-shm,1.521601,MPIIO-bb,1.92144176,5.600893854748603,328.003031751451
64,wo,seq,fpp,same,65536,POSIX-shm,0.014392,STDIO-bb,0.06423983999999999,POSIX-shm,2.499374,STDIO-bb,2.33691284,4.463579766536965,186.25142857142856
64,wo,seq,fpp,same,1048576,MPIIO-shm,0.226262,STDIO-pfs,2.087388,MPIIO-shm,6.480418,STDIO-pfs,2.087388,9.225534999248659,8.040831298073742
64,worm,random,fpp,prod-cons inter node,4096,STDIO-pfs,0.00904,MPIIO-pfs,0.013153,STDIO-pfs,0.00904,MPIIO-pfs,0.013153,1.4549778761061947,1.4549778761061947
64,worm,random,fpp,prod-cons inter node,65536,STDIO-pfs,0.041958999999999996,MPIIO-pfs,0.046575,STDIO-pfs,0.041958999999999996,MPIIO-pfs,0.046575,1.1100121547224673,1.1100121547224673
64,worm,random,fpp,prod-cons inter node,1048576,MPIIO-pfs,6.073463,POSIX-pfs,998.42297,MPIIO-pfs,6.073463,POSIX-pfs,998.42297,164.3910516948897,164.3910516948897
64,worm,random,fpp,prod-cons same node,4096,POSIX-bb,0.0016598399999999997,MPIIO-pfs,0.009872,POSIX-bb,1.23558384,MPIIO-pfs,0.009872,5.947561210719107,244.63390456989248
64,worm,random,fpp,prod-cons same node,65536,POSIX-shm,0.021258,MPIIO-pfs,0.119079,POSIX-shm,1.329469,MPIIO-pfs,0.119079,5.601608806096529,61.375422187581194
64,worm,random,fpp,prod-cons same node,1048576,POSIX-shm,0.296008,POSIX-pfs,589.509348,POSIX-shm,3.817682,POSIX-pfs,589.509348,1991.5318099510826,627.178304123991
64,worm,random,fpp,same,4096,MPIIO-bb,0.0032323199999999995,MPIIO-pfs,0.017237,MPIIO-bb,1.2732473199999998,MPIIO-pfs,0.017237,5.332702207702209,166.80579174368458
64,worm,random,fpp,same,65536,MPIIO-shm,0.033853999999999995,POSIX-bb,0.08396975999999998,MPIIO-shm,1.573186,POSIX-bb,1.57006576,2.4803497371063976,33.14127721455875
64,worm,random,fpp,same,1048576,MPIIO-shm,0.529606,STDIO-pfs,1341.476666,MPIIO-shm,6.793893000000001,STDIO-pfs,1341.476666,2532.971050176924,197.4533107895576
64,worm,seq,fpp,prod-cons inter node,4096,STDIO-pfs,0.009065,MPIIO-pfs,0.011432,STDIO-pfs,0.009065,MPIIO-pfs,0.011432,1.2611141753998896,1.2611141753998896
64,worm,seq,fpp,prod-cons inter node,65536,STDIO-pfs,0.034255,MPIIO-pfs,0.043564,STDIO-pfs,0.034255,MPIIO-pfs,0.043564,1.2717559480367828,1.2717559480367828
64,worm,seq,fpp,prod-cons inter node,1048576,STDIO-pfs,4.3493949999999995,MPIIO-pfs,9.577924,STDIO-pfs,4.3493949999999995,MPIIO-pfs,9.577924,2.202127882153725,2.202127882153725
64,worm,seq,fpp,prod-cons same node,4096,POSIX-bb,0.0016296000000000001,POSIX-pfs,0.010543,POSIX-bb,1.3620756,POSIX-pfs,0.010543,6.469685812469317,232.0651186269561
64,worm,seq,fpp,prod-cons same node,65536,POSIX-shm,0.021221,STDIO-pfs,0.061616,POSIX-shm,1.32713,STDIO-pfs,0.061616,2.9035389472692144,25.886832135858917
64,worm,seq,fpp,prod-cons same node,1048576,POSIX-shm,0.29597,POSIX-pfs,2.052792,POSIX-shm,4.445192,POSIX-pfs,2.052792,6.935811061931953,3.204575846412688
64,worm,seq,fpp,same,4096,MPIIO-bb,0.00172704,MPIIO-pfs,0.017262999999999997,MPIIO-bb,1.32332404,MPIIO-pfs,0.017262999999999997,9.995715212154899,176.40690168818273
64,worm,seq,fpp,same,65536,POSIX-pfs,0.031584,MPIIO-bb,0.08423855999999999,POSIX-pfs,0.031584,MPIIO-bb,1.56761156,2.6671276595744677,50.781937689969595
64,worm,seq,fpp,same,1048576,STDIO-shm,0.530683,STDIO-pfs,6.575748000000001,STDIO-shm,6.879593,STDIO-pfs,6.575748000000001,12.391103540154859,2.1131374611378257
128,raw,random,fpp,prod-cons inter node,4096,STDIO-pfs,0.016395,MPIIO-pfs,0.024084,STDIO-pfs,0.016395,MPIIO-pfs,0.024084,1.4689844464775847,1.4689844464775847
128,raw,random,fpp,prod-cons inter node,65536,POSIX-pfs,0.053853,MPIIO-pfs,0.070233,POSIX-pfs,0.053853,MPIIO-pfs,0.070233,1.3041613280597182,1.3041613280597182
128,raw,random,fpp,prod-cons inter node,1048576,STDIO-pfs,2.6041790000000002,MPIIO-pfs,11.064452000000001,STDIO-pfs,2.6041790000000002,MPIIO-pfs,11.064452000000001,4.248729446017344,4.248729446017344
128,raw,random,fpp,prod-cons same node,4096,STDIO-shm,0.006422000000000001,MPIIO-pfs,0.019687000000000003,STDIO-shm,1.276255,MPIIO-pfs,0.019687000000000003,3.0655559015882905,128.57542448614834
128,raw,random,fpp,prod-cons same node,65536,POSIX-shm,0.015853,MPIIO-pfs,0.159323,POSIX-shm,1.389897,MPIIO-pfs,0.159323,10.050022077840156,20.051367301138725
128,raw,random,fpp,prod-cons same node,1048576,POSIX-shm,0.200698,STDIO-pfs,1.181438,POSIX-shm,6.956689,STDIO-pfs,1.181438,5.886645606832156,10.599744930992841
128,raw,random,fpp,same,4096,STDIO-shm,0.0069630000000000004,MPIIO-pfs,0.027879,STDIO-shm,1.3283230000000001,MPIIO-pfs,0.027879,4.003877638948729,104.30381815480614
128,raw,random,fpp,same,65536,MPIIO-shm,0.021802,MPIIO-pfs,0.13891599999999998,MPIIO-shm,1.629591,MPIIO-pfs,0.13891599999999998,6.3717090175213285,26.504684448917967
128,raw,random,fpp,same,1048576,MPIIO-shm,0.342184,MPIIO-pfs,12.105803,MPIIO-shm,12.676485,MPIIO-pfs,12.105803,35.37805099011059,3.687761638654367
128,raw,seq,fpp,prod-cons inter node,4096,STDIO-pfs,0.014409,MPIIO-pfs,0.022831999999999998,STDIO-pfs,0.014409,MPIIO-pfs,0.022831999999999998,1.5845652023041155,1.5845652023041155
128,raw,seq,fpp,prod-cons inter node,65536,POSIX-pfs,0.05162,STDIO-pfs,0.064198,POSIX-pfs,0.05162,STDIO-pfs,0.064198,1.2436652460286712,1.2436652460286712
128,raw,seq,fpp,prod-cons inter node,1048576,MPIIO-pfs,3.930691,POSIX-pfs,3.965375,MPIIO-pfs,3.930691,POSIX-pfs,3.965375,1.00882389381409,1.00882389381409
128,raw,seq,fpp,prod-cons same node,4096,STDIO-shm,0.006366999999999999,MPIIO-pfs,0.020065,STDIO-shm,1.42012,MPIIO-pfs,0.020065,3.151405685566201,131.49108014555782
128,raw,seq,fpp,prod-cons same node,65536,POSIX-shm,0.015854,MPIIO-pfs,0.179114,POSIX-shm,1.4346160000000001,MPIIO-pfs,0.179114,11.297716664564147,9.333183745004458
128,raw,seq,fpp,prod-cons same node,1048576,POSIX-shm,0.20084800000000003,STDIO-pfs,1.236678,POSIX-shm,5.534756,STDIO-pfs,1.236678,6.15728311957301,13.914032759730304
128,raw,seq,fpp,same,4096,STDIO-shm,0.006928,MPIIO-pfs,0.028298000000000004,STDIO-shm,1.426555,MPIIO-pfs,0.028298000000000004,4.08458429561201,107.43892447489944
128,raw,seq,fpp,same,65536,MPIIO-shm,0.022004,MPIIO-pfs,0.12612099999999998,MPIIO-shm,1.655695,MPIIO-pfs,0.12612099999999998,5.731730594437375,30.745978983487024
128,raw,seq,fpp,same,1048576,MPIIO-shm,0.343171,MPIIO-pfs,5.187429,MPIIO-shm,14.794258,MPIIO-pfs,5.187429,15.116163661847883,3.0942005979144525
128,ro,random,fpp,same,4096,STDIO-shm,0.003438,POSIX-pfs,0.016732,STDIO-shm,0.015654,POSIX-pfs,0.016732,4.866783013379872,2.2084564965942683
128,ro,random,fpp,same,65536,POSIX-shm,0.009008,STDIO-pfs,0.392346,POSIX-shm,0.190109,STDIO-pfs,0.392346,43.55528419182948,7.884766881028939
128,ro,random,fpp,same,1048576,POSIX-shm,0.068449,MPIIO-pfs,8.090196,POSIX-shm,7.377940000000001,MPIIO-pfs,8.090196,118.19304883928181,1.9824786459876367
128,ro,seq,fpp,same,4096,STDIO-shm,0.003555,POSIX-pfs,0.016727,STDIO-shm,0.015783,POSIX-pfs,0.016727,4.70520393811533,2.5037603734439835
128,ro,seq,fpp,same,65536,POSIX-shm,0.008969,MPIIO-pfs,0.109435,POSIX-shm,0.21424,MPIIO-pfs,0.109435,12.201471735979487,5.441784684797594
128,ro,seq,fpp,same,1048576,POSIX-shm,0.068545,STDIO-pfs,5.135379,POSIX-shm,9.440519,STDIO-pfs,5.135379,74.91981909694363,2.268333688141448
128,update,random,fpp,same,4096,MPIIO-shm,0.005877,STDIO-bb,0.030549119999999996,MPIIO-shm,1.739333,STDIO-bb,1.7504861200000001,5.198080653394588,182.21762376237623
128,update,random,fpp,same,65536,MPIIO-shm,0.012499,MPIIO-pfs,0.104269,MPIIO-shm,3.089467,MPIIO-pfs,0.104269,8.342187374989999,94.78130501114893
128,update,random,fpp,same,1048576,STDIO-shm,0.157851,MPIIO-pfs,248.425668,STDIO-shm,12.896870000000002,MPIIO-pfs,248.425668,1573.7985061862137,20.62540047873549
128,update,seq,fpp,same,4096,MPIIO-shm,0.005965,STDIO-bb,0.027461279999999998,MPIIO-shm,1.693234,STDIO-bb,1.64940328,4.60373512154233,116.4992232897992
128,update,seq,fpp,same,65536,MPIIO-shm,0.013482,POSIX-pfs,0.156847,MPIIO-shm,3.221089,POSIX-pfs,0.156847,11.633808040350097,92.42330216303014
128,update,seq,fpp,same,1048576,STDIO-shm,0.16493,POSIX-pfs,12.907348,STDIO-shm,462.632946,POSIX-pfs,12.907348,78.25955253744013,658.2046292989752
128,wo,seq,fpp,same,4096,STDIO-shm,0.003738,MPIIO-bb,0.02060016,STDIO-shm,1.630878,MPIIO-bb,2.5945051599999998,5.511011235955056,489.5311355311355
128,wo,seq,fpp,same,65536,POSIX-shm,0.014296,STDIO-bb,0.06383663999999999,POSIX-shm,3.9509079999999996,STDIO-bb,2.85073164,4.465349748181309,258.651914893617
128,wo,seq,fpp,same,1048576,MPIIO-shm,0.225274,STDIO-pfs,1.697417,MPIIO-shm,13.029501,STDIO-pfs,1.697417,7.534899722116179,14.149165123178792
128,worm,random,fpp,prod-cons inter node,4096,STDIO-pfs,0.008960000000000001,MPIIO-pfs,0.013282,STDIO-pfs,0.008960000000000001,MPIIO-pfs,0.013282,1.4823660714285714,1.4823660714285714
128,worm,random,fpp,prod-cons inter node,65536,POSIX-pfs,0.039470000000000005,MPIIO-pfs,0.057217000000000004,POSIX-pfs,0.039470000000000005,MPIIO-pfs,0.057217000000000004,1.4496326323790218,1.4496326323790218
128,worm,random,fpp,prod-cons inter node,1048576,STDIO-pfs,4.033275,MPIIO-pfs,9.660817999999999,STDIO-pfs,4.033275,MPIIO-pfs,9.660817999999999,2.3952787746930224,2.3952787746930224
128,worm,random,fpp,prod-cons same node,4096,POSIX-bb,0.0016967999999999998,POSIX-pfs,0.009995,POSIX-bb,1.3752848,POSIX-pfs,0.009995,5.890499764262142,243.402719489676
128,worm,random,fpp,prod-cons same node,65536,POSIX-shm,0.021249,STDIO-pfs,0.133763,POSIX-shm,1.476863,STDIO-pfs,0.133763,6.2950256482658,28.640801968397987
128,worm,random,fpp,prod-cons same node,1048576,POSIX-shm,0.297545,POSIX-pfs,2.265135,POSIX-shm,7.641485,POSIX-pfs,2.265135,7.612747651615722,11.78781278297208
128,worm,random,fpp,same,4096,MPIIO-bb,0.0013876799999999999,MPIIO-pfs,0.017259,MPIIO-bb,1.2751866799999998,MPIIO-pfs,0.017259,12.437305430646836,181.03573352748452
128,worm,random,fpp,same,65536,MPIIO-shm,0.029299,STDIO-pfs,0.089461,MPIIO-shm,1.613278,STDIO-pfs,0.089461,3.0533806614560226,26.351316044009188
128,worm,random,fpp,same,1048576,POSIX-shm,0.517973,MPIIO-pfs,11.944224,POSIX-shm,12.356551,MPIIO-pfs,11.944224,23.05954943597446,3.0424453590256157
128,worm,seq,fpp,prod-cons inter node,4096,STDIO-pfs,0.009055,MPIIO-pfs,0.011605,STDIO-pfs,0.009055,MPIIO-pfs,0.011605,1.2816123688569852,1.2816123688569852
128,worm,seq,fpp,prod-cons inter node,65536,POSIX-pfs,0.052557000000000006,MPIIO-pfs,0.056551,POSIX-pfs,0.052557000000000006,MPIIO-pfs,0.056551,1.07599368304888,1.07599368304888
128,worm,seq,fpp,prod-cons inter node,1048576,MPIIO-pfs,4.9780370000000005,POSIX-pfs,10.458489,MPIIO-pfs,4.9780370000000005,POSIX-pfs,10.458489,2.1009263289927333,2.1009263289927333
128,worm,seq,fpp,prod-cons same node,4096,POSIX-bb,0.0017035199999999996,POSIX-pfs,0.009906,POSIX-bb,1.3560675199999999,POSIX-pfs,0.009906,5.815018315018317,226.90532865027595
128,worm,seq,fpp,prod-cons same node,65536,POSIX-shm,0.021251,STDIO-pfs,0.31577299999999997,POSIX-shm,1.558649,STDIO-pfs,0.31577299999999997,14.859206625570561,16.67503637452927
128,worm,seq,fpp,prod-cons same node,1048576,POSIX-shm,0.297418,POSIX-pfs,2.151333,POSIX-shm,855.993132,POSIX-pfs,2.151333,7.233365162834798,1525.8072619026398
128,worm,seq,fpp,same,4096,MPIIO-bb,0.0016161599999999997,MPIIO-pfs,0.017458,MPIIO-bb,1.33943316,MPIIO-pfs,0.017458,10.802148302148305,174.43219296086636
128,worm,seq,fpp,same,65536,MPIIO-shm,0.028933,POSIX-pfs,0.115052,MPIIO-shm,1.7071690000000002,POSIX-pfs,0.115052,3.9764974250855425,32.23628158163073
128,worm,seq,fpp,same,1048576,STDIO-shm,0.533127,POSIX-pfs,167.021703,STDIO-shm,234.520241,POSIX-pfs,167.021703,313.28689599288725,308.2205176433214
