nodes,iter,rs,init,fini,open,close,write,read,flush,prefetch,interface,workload,storage,access_pattern,file_sharing,process_grouping
1,1024,1048576,0.000000,0.000000,0.000103,0.000034,0.259533,0.000000,1.043159,0.000000,  POSIX,  wo,0,0,0,0
1,1024,1048576,0.000000,0.000000,0.000067,0.000156,0.278429,0.000000,1.013136,0.000000,  STDIO,  wo,0,0,0,0
1,1024,1048576,0.000000,0.000000,0.013094,0.002353,0.273844,0.000000,0.930807,0.000000,  MPIIO,  wo,0,0,0,0
1,1024,1048576,0.000000,0.000000,0.000032,0.000008,0.000000,0.114583,0.000000,3.093808,  POSIX,  ro,0,0,0,0
1,1024,1048576,0.000000,0.000000,0.000038,0.000035,0.000000,0.119423,0.000000,3.269180,  STDIO,  ro,0,0,0,0
1,1024,1048576,0.000000,0.000000,0.000888,0.000417,0.000000,0.112178,0.000000,3.116719,  MPIIO,  ro,0,0,0,0
1,1024,1048576,0.000000,0.000000,0.000136,0.000024,0.225621,0.121782,1.338417,0.000000,  POSIX, raw,0,0,0,0
1,1024,1048576,0.000000,0.000000,0.000132,0.000078,0.225095,0.121789,1.626814,0.000000,  STDIO, raw,0,0,0,0
1,1024,1048576,0.000000,0.000000,0.004015,0.001108,0.219152,0.122653,1.332888,0.000000,  MPIIO, raw,0,0,0,0
1,1024,1048576,0.000000,0.000000,0.000040,0.000050,0.248318,0.000000,0.922476,0.000000,  POSIX,update,0,0,0,0
1,1024,1048576,0.000000,0.000000,0.062077,0.000102,0.276165,0.000000,0.734178,0.000000,  STDIO,update,0,0,0,0
1,1024,1048576,0.000000,0.000000,0.001153,0.001812,0.254036,0.000000,0.841236,0.000000,  MPIIO,update,0,0,0,0
1,1024,1048576,0.000000,0.000000,0.000123,0.000022,0.468995,0.121844,1.298142,0.000000,  POSIX,worm,0,0,0,0
1,1024,1048576,0.000000,0.000000,0.000130,0.000088,0.470807,0.121946,1.280245,0.000000,  STDIO,worm,0,0,0,0
1,1024,1048576,0.000000,0.000000,0.003781,0.003378,0.471748,0.122527,1.271689,0.000000,  MPIIO,worm,0,0,0,0
1,1024,1048576,0.000000,0.000000,0.000032,0.000007,0.000000,0.110005,0.000000,2.746065,  POSIX,  ro,0,1,0,0
1,1024,1048576,0.000000,0.000000,0.000041,0.000037,0.000000,0.118661,0.000000,3.109501,  STDIO,  ro,0,1,0,0
1,1024,1048576,0.000000,0.000000,0.000917,0.000422,0.000000,0.118671,0.000000,2.808441,  MPIIO,  ro,0,1,0,0
1,1024,1048576,0.000000,0.000000,0.000130,0.000025,0.223334,0.121576,1.312669,0.000000,  POSIX, raw,0,1,0,0
1,1024,1048576,0.000000,0.000000,0.000147,0.000079,0.222665,0.122105,1.352536,0.000000,  STDIO, raw,0,1,0,0
1,1024,1048576,0.000000,0.000000,0.003994,0.001100,0.219519,0.122068,1.352991,0.000000,  MPIIO, raw,0,1,0,0
1,1024,1048576,0.000000,0.000000,0.000040,0.000060,0.252319,0.000000,0.988164,0.000000,  POSIX,update,0,1,0,0
1,1024,1048576,0.000000,0.000000,0.056945,0.000117,0.256510,0.000000,0.819153,0.000000,  STDIO,update,0,1,0,0
1,1024,1048576,0.000000,0.000000,0.001271,0.001616,0.235239,0.000000,1.013479,0.000000,  MPIIO,update,0,1,0,0
1,1024,1048576,0.000000,0.000000,0.000125,0.000022,0.480633,0.121778,1.285356,0.000000,  POSIX,worm,0,1,0,0
1,1024,1048576,0.000000,0.000000,0.000120,0.000105,0.435779,0.122285,1.271898,0.000000,  STDIO,worm,0,1,0,0
1,1024,1048576,0.000000,0.000000,0.003987,0.003663,0.472941,0.122105,1.267069,0.000000,  MPIIO,worm,0,1,0,0
1,1024,1048576,0.000000,0.000000,0.000104,0.000049,0.270866,0.000000,1.010288,0.000000,  POSIX,  wo,1,0,0,0
1,1024,1048576,0.000000,0.000000,0.000072,0.000149,0.279727,0.000000,0.969260,0.000000,  STDIO,  wo,1,0,0,0
1,1024,1048576,0.000000,0.000000,0.002671,0.002338,0.277637,0.000000,1.064645,0.000000,  MPIIO,  wo,1,0,0,0
1,1024,1048576,0.000000,0.000000,0.000030,0.000008,0.000000,0.114779,0.000000,2.812426,  POSIX,  ro,1,0,0,0
1,1024,1048576,0.000000,0.000000,0.000041,0.000035,0.000000,0.119775,0.000000,3.383509,  STDIO,  ro,1,0,0,0
1,1024,1048576,0.000000,0.000000,0.000842,0.000413,0.000000,0.112696,0.000000,2.730407,  MPIIO,  ro,1,0,0,0
1,1024,1048576,0.000000,0.000000,0.000131,0.000024,0.225054,0.121672,1.581155,0.000000,  POSIX, raw,1,0,0,0
1,1024,1048576,0.000000,0.000000,0.000140,0.000082,0.223238,0.121965,1.343397,0.000000,  STDIO, raw,1,0,0,0
1,1024,1048576,0.000000,0.000000,0.003901,0.001130,0.221500,0.122412,1.360959,0.000000,  MPIIO, raw,1,0,0,0
1,1024,1048576,0.000000,0.000000,0.000036,0.000055,0.251981,0.000000,0.881316,0.000000,  POSIX,update,1,0,0,0
1,1024,1048576,0.000000,0.000000,0.061288,0.000090,0.267405,0.000000,0.768942,0.000000,  STDIO,update,1,0,0,0
1,1024,1048576,0.000000,0.000000,0.001246,0.000554,0.179334,0.000000,1.430720,0.000000,  MPIIO,update,1,0,0,0
1,1024,1048576,0.000000,0.000000,0.000119,0.000021,0.473926,0.122244,1.264994,0.000000,  POSIX,worm,1,0,0,0
1,1024,1048576,0.000000,0.000000,0.000141,0.000065,0.469864,0.122193,1.428714,0.000000,  STDIO,worm,1,0,0,0
1,1024,1048576,0.000000,0.000000,0.003922,0.003996,0.481818,0.122221,1.296235,0.000000,  MPIIO,worm,1,0,0,0
1,1024,1048576,0.000000,0.000000,0.000032,0.000007,0.000000,0.112775,0.000000,2.749050,  POSIX,  ro,1,1,0,0
1,1024,1048576,0.000000,0.000000,0.000043,0.000038,0.000000,0.114845,0.000000,2.720050,  STDIO,  ro,1,1,0,0
1,1024,1048576,0.000000,0.000000,0.000866,0.000425,0.000000,0.116096,0.000000,2.773891,  MPIIO,  ro,1,1,0,0
1,1024,1048576,0.000000,0.000000,0.000116,0.000025,0.225096,0.121669,1.955273,0.000000,  POSIX, raw,1,1,0,0
1,1024,1048576,0.000000,0.000000,0.000144,0.000079,0.221491,0.122159,1.356781,0.000000,  STDIO, raw,1,1,0,0
1,1024,1048576,0.000000,0.000000,0.003889,0.001101,0.219448,0.122289,1.356047,0.000000,  MPIIO, raw,1,1,0,0
1,1024,1048576,0.000000,0.000000,0.000042,0.000061,0.251714,0.000000,0.978846,0.000000,  POSIX,update,1,1,0,0
1,1024,1048576,0.000000,0.000000,0.056070,0.000107,0.261686,0.000000,0.835133,0.000000,  STDIO,update,1,1,0,0
1,1024,1048576,0.000000,0.000000,0.001247,0.001805,0.254056,0.000000,0.980130,0.000000,  MPIIO,update,1,1,0,0
1,1024,1048576,0.000000,0.000000,0.000129,0.000022,0.479177,0.122044,1.281629,0.000000,  POSIX,worm,1,1,0,0
1,1024,1048576,0.000000,0.000000,0.000151,0.000072,0.481041,0.122229,1.252851,0.000000,  STDIO,worm,1,1,0,0
1,1024,1048576,0.000000,0.000000,0.003947,0.003689,0.475515,0.122112,1.269216,0.000000,  MPIIO,worm,1,1,0,0
1,1024,1048576,0.000000,0.000000,0.006655,0.000140,1.177557,0.000000,0.000000,0.000000,  POSIX,  wo,2,0,0,0
1,1024,1048576,0.000000,0.000000,0.004914,0.000269,1.205773,0.000000,0.000000,0.000000,  STDIO,  wo,2,0,0,0
1,1024,1048576,0.000000,0.000000,0.009453,0.002331,1.168792,0.000000,0.000000,0.000000,  MPIIO,  wo,2,0,0,0
1,1024,1048576,0.000000,0.000000,0.000051,0.000035,0.000000,0.991908,0.000000,0.000000,  POSIX,  ro,2,0,0,0
1,1024,1048576,0.000000,0.000000,0.000054,0.000065,0.000000,1.003215,0.000000,0.000000,  STDIO,  ro,2,0,0,0
1,1024,1048576,0.000000,0.000000,0.001071,0.000788,0.000000,1.007931,0.000000,0.000000,  MPIIO,  ro,2,0,0,0
1,1024,1048576,0.000000,0.000000,0.004303,0.000296,1.169951,1.259447,0.000000,0.000000,  POSIX, raw,2,0,0,0
1,1024,1048576,0.000000,0.000000,0.001012,0.000106,0.414602,0.301575,0.000000,0.000000,  POSIX, raw,2,0,0,1
1,1024,1048576,0.000000,0.000000,0.151527,0.000109,0.388271,0.274337,0.000000,0.000000,  POSIX, raw,2,0,0,1
1,1024,1048576,0.000000,0.000000,0.006399,0.000397,1.166644,1.240342,0.000000,0.000000,  STDIO, raw,2,0,0,0
1,1024,1048576,0.000000,0.000000,0.067909,0.000158,0.428870,0.356087,0.000000,0.000000,  STDIO, raw,2,0,0,1
1,1024,1048576,0.000000,0.000000,0.001492,0.000153,0.472431,0.287441,0.000000,0.000000,  STDIO, raw,2,0,0,1
1,1024,1048576,0.000000,0.000000,0.015772,0.003686,1.135229,1.439747,0.000000,0.000000,  MPIIO, raw,2,0,0,0
1,1024,1048576,0.000000,0.000000,0.004344,0.001405,0.413463,0.302213,0.000000,0.000000,  MPIIO, raw,2,0,0,1
1,1024,1048576,0.000000,0.000000,0.003714,0.001314,0.510284,0.532265,0.000000,0.000000,  MPIIO, raw,2,0,0,1
1,1024,1048576,0.000000,0.000000,0.000134,0.000121,1.250604,0.000000,0.000000,0.000000,  POSIX,update,2,0,0,0
1,1024,1048576,0.000000,0.000000,0.410980,0.000287,0.402334,0.000000,0.000000,0.000000,  STDIO,update,2,0,0,0
1,1024,1048576,0.000000,0.000000,0.001828,0.001203,1.037710,0.000000,0.000000,0.000000,  MPIIO,update,2,0,0,0
1,1024,1048576,0.000000,0.000000,0.011724,0.000383,1.017602,1.155698,0.000000,0.000000,  POSIX,worm,2,0,0,0
1,1024,1048576,0.000000,0.000000,0.002902,0.000141,0.423509,0.425343,0.000000,0.000000,  POSIX,worm,2,0,0,1
1,1024,1048576,0.000000,0.000000,0.001724,0.000144,0.411807,0.444930,0.000000,0.000000,  POSIX,worm,2,0,0,1
1,1024,1048576,0.000000,0.000000,0.257691,0.000449,0.896935,1.123636,0.000000,0.000000,  STDIO,worm,2,0,0,0
1,1024,1048576,0.000000,0.000000,0.002470,0.000171,0.428812,0.506789,0.000000,0.000000,  STDIO,worm,2,0,0,1
1,1024,1048576,0.000000,0.000000,0.123670,0.000158,0.432047,0.293304,0.000000,0.000000,  STDIO,worm,2,0,0,1
1,1024,1048576,0.000000,0.000000,0.012826,0.004677,0.936150,1.148207,0.000000,0.000000,  MPIIO,worm,2,0,0,0
1,1024,1048576,0.000000,0.000000,0.005597,0.000985,0.410246,0.433928,0.000000,0.000000,  MPIIO,worm,2,0,0,1
1,1024,1048576,0.000000,0.000000,0.004130,0.001175,0.415214,0.517066,0.000000,0.000000,  MPIIO,worm,2,0,0,1
1,1024,1048576,0.000000,0.000000,0.000052,0.000032,0.000000,0.982449,0.000000,0.000000,  POSIX,  ro,2,1,0,0
1,1024,1048576,0.000000,0.000000,0.000043,0.000056,0.000000,1.337721,0.000000,0.000000,  STDIO,  ro,2,1,0,0
1,1024,1048576,0.000000,0.000000,0.001205,0.000554,0.000000,3.692806,0.000000,0.000000,  MPIIO,  ro,2,1,0,0
1,1024,1048576,0.000000,0.000000,0.438924,0.000340,1.165411,1.150225,0.000000,0.000000,  POSIX, raw,2,1,0,0
1,1024,1048576,0.000000,0.000000,0.119878,0.000146,0.400229,0.356222,0.000000,0.000000,  POSIX, raw,2,1,0,1
1,1024,1048576,0.000000,0.000000,0.001070,0.000156,0.399526,0.566589,0.000000,0.000000,  POSIX, raw,2,1,0,1
1,1024,1048576,0.000000,0.000000,0.010270,0.000423,1.192452,1.019670,0.000000,0.000000,  STDIO, raw,2,1,0,0
1,1024,1048576,0.000000,0.000000,0.002054,0.000138,0.432633,0.296175,0.000000,0.000000,  STDIO, raw,2,1,0,1
1,1024,1048576,0.000000,0.000000,0.001916,0.000179,0.430804,0.520755,0.000000,0.000000,  STDIO, raw,2,1,0,1
1,1024,1048576,0.000000,0.000000,0.011761,0.004196,1.128421,3.290984,0.000000,0.000000,  MPIIO, raw,2,1,0,0
1,1024,1048576,0.000000,0.000000,0.030026,0.000846,1.101236,0.722423,0.000000,0.000000,  MPIIO, raw,2,1,0,1
1,1024,1048576,0.000000,0.000000,0.132480,0.001377,0.408887,0.379686,0.000000,0.000000,  MPIIO, raw,2,1,0,1
1,1024,1048576,0.000000,0.000000,0.000056,0.000023,25.722757,0.000000,0.000000,0.000000,  POSIX,update,2,1,0,0
1,1024,1048576,0.000000,0.000000,0.226028,0.000109,20.853409,0.000000,0.000000,0.000000,  STDIO,update,2,1,0,0
1,1024,1048576,0.000000,0.000000,0.046992,0.000407,25.914905,0.000000,0.000000,0.000000,  MPIIO,update,2,1,0,0
1,1024,1048576,0.000000,0.000000,0.009561,0.000314,0.946809,1.096233,0.000000,0.000000,  POSIX,worm,2,1,0,0
1,1024,1048576,0.000000,0.000000,0.001288,0.000188,0.413732,0.483336,0.000000,0.000000,  POSIX,worm,2,1,0,1
1,1024,1048576,0.000000,0.000000,0.225628,0.000191,0.413991,0.309413,0.000000,0.000000,  POSIX,worm,2,1,0,1
1,1024,1048576,0.000000,0.000000,0.007360,0.000474,0.962785,1.125149,0.000000,0.000000,  STDIO,worm,2,1,0,0
1,1024,1048576,0.000000,0.000000,0.001192,0.000183,0.415828,0.417649,0.000000,0.000000,  STDIO,worm,2,1,0,1
1,1024,1048576,0.000000,0.000000,0.002425,0.000182,0.409877,0.351430,0.000000,0.000000,  STDIO,worm,2,1,0,1
1,1024,1048576,0.000000,0.000000,0.013978,0.004532,0.979464,2.066420,0.000000,0.000000,  MPIIO,worm,2,1,0,0
1,1024,1048576,0.000000,0.000000,0.003810,0.001168,0.421608,0.588272,0.000000,0.000000,  MPIIO,worm,2,1,0,1
1,1024,1048576,0.000000,0.000000,0.003853,0.001205,0.427093,0.643367,0.000000,0.000000,  MPIIO,worm,2,1,0,1
2,1024,1048576,0.000000,0.000000,0.000086,0.000022,0.228825,0.000000,2.257604,0.000000,  POSIX,  wo,0,0,0,0
2,1024,1048576,0.000000,0.000000,0.000077,0.000063,0.232461,0.000000,2.372317,0.000000,  STDIO,  wo,0,0,0,0
2,1024,1048576,0.000000,0.000000,0.012773,0.000809,0.229065,0.000000,2.249941,0.000000,  MPIIO,  wo,0,0,0,0
2,1024,1048576,0.000000,0.000000,0.000033,0.000008,0.000000,0.119031,0.000000,2.756607,  POSIX,  ro,0,0,0,0
2,1024,1048576,0.000000,0.000000,0.000040,0.000041,0.000000,0.114214,0.000000,2.788487,  STDIO,  ro,0,0,0,0
2,1024,1048576,0.000000,0.000000,0.000929,0.000419,0.000000,0.113378,0.000000,2.775687,  MPIIO,  ro,0,0,0,0
2,1024,1048576,0.000000,0.000000,0.000122,0.000024,0.226507,0.123108,2.423986,0.000000,  POSIX, raw,0,0,0,0
2,1024,1048576,0.000000,0.000000,0.000129,0.000070,0.229794,0.122960,2.406589,0.000000,  STDIO, raw,0,0,0,0
2,1024,1048576,0.000000,0.000000,0.004261,0.001074,0.220312,0.123375,2.605348,0.000000,  MPIIO, raw,0,0,0,0
2,1024,1048576,0.000000,0.000000,0.000042,0.000025,0.186663,0.000000,2.327494,0.000000,  POSIX,update,0,0,0,0
2,1024,1048576,0.000000,0.000000,0.060425,0.000055,0.194931,0.000000,2.227000,0.000000,  STDIO,update,0,0,0,0
2,1024,1048576,0.000000,0.000000,0.001315,0.000723,0.186071,0.000000,2.461134,0.000000,  MPIIO,update,0,0,0,0
2,1024,1048576,0.000000,0.000000,0.000117,0.000022,0.444348,0.122902,2.457870,0.000000,  POSIX,worm,0,0,0,0
2,1024,1048576,0.000000,0.000000,0.000119,0.000077,0.402068,0.123184,2.397801,0.000000,  STDIO,worm,0,0,0,0
2,1024,1048576,0.000000,0.000000,0.004106,0.001179,0.400391,0.123744,2.321719,0.000000,  MPIIO,worm,0,0,0,0
2,1024,1048576,0.000000,0.000000,0.000030,0.000008,0.000000,0.114315,0.000000,2.762811,  POSIX,  ro,0,1,0,0
2,1024,1048576,0.000000,0.000000,0.000041,0.000039,0.000000,0.114257,0.000000,2.751588,  STDIO,  ro,0,1,0,0
2,1024,1048576,0.000000,0.000000,0.000903,0.000415,0.000000,0.110962,0.000000,2.757409,  MPIIO,  ro,0,1,0,0
2,1024,1048576,0.000000,0.000000,0.000133,0.000024,0.226180,0.122975,2.540126,0.000000,  POSIX, raw,0,1,0,0
2,1024,1048576,0.000000,0.000000,0.000129,0.000069,0.230346,0.122676,2.376596,0.000000,  STDIO, raw,0,1,0,0
2,1024,1048576,0.000000,0.000000,0.004693,0.001098,0.223725,0.123178,3.074644,0.000000,  MPIIO, raw,0,1,0,0
2,1024,1048576,0.000000,0.000000,0.000039,0.000027,0.187074,0.000000,2.199117,0.000000,  POSIX,update,0,1,0,0
2,1024,1048576,0.000000,0.000000,0.053486,0.000047,0.162719,0.000000,2.524533,0.000000,  STDIO,update,0,1,0,0
2,1024,1048576,0.000000,0.000000,0.001275,0.000917,0.193298,0.000000,2.037131,0.000000,  MPIIO,update,0,1,0,0
2,1024,1048576,0.000000,0.000000,0.000121,0.000022,0.448088,0.122901,2.359647,0.000000,  POSIX,worm,0,1,0,0
2,1024,1048576,0.000000,0.000000,0.000153,0.000083,0.399851,0.122945,2.346619,0.000000,  STDIO,worm,0,1,0,0
2,1024,1048576,0.000000,0.000000,0.003937,0.001118,0.399408,0.123336,2.330972,0.000000,  MPIIO,worm,0,1,0,0
2,1024,1048576,0.000000,0.000000,0.000084,0.000023,0.229365,0.000000,2.309618,0.000000,  POSIX,  wo,1,0,0,0
2,1024,1048576,0.000000,0.000000,0.000077,0.000074,0.234697,0.000000,2.373852,0.000000,  STDIO,  wo,1,0,0,0
2,1024,1048576,0.000000,0.000000,0.002884,0.000936,0.231673,0.000000,2.344700,0.000000,  MPIIO,  wo,1,0,0,0
2,1024,1048576,0.000000,0.000000,0.000031,0.000008,0.000000,0.112188,0.000000,2.747543,  POSIX,  ro,1,0,0,0
2,1024,1048576,0.000000,0.000000,0.000040,0.000039,0.000000,0.114813,0.000000,2.758016,  STDIO,  ro,1,0,0,0
2,1024,1048576,0.000000,0.000000,0.000908,0.000429,0.000000,0.111928,0.000000,2.729153,  MPIIO,  ro,1,0,0,0
2,1024,1048576,0.000000,0.000000,0.000126,0.000024,0.228675,0.122786,2.585343,0.000000,  POSIX, raw,1,0,0,0
2,1024,1048576,0.000000,0.000000,0.000132,0.000075,0.229986,0.122935,2.393226,0.000000,  STDIO, raw,1,0,0,0
2,1024,1048576,0.000000,0.000000,0.006296,0.000970,0.223648,0.122746,2.438750,0.000000,  MPIIO, raw,1,0,0,0
2,1024,1048576,0.000000,0.000000,0.000040,0.000026,0.184432,0.000000,2.314975,0.000000,  POSIX,update,1,0,0,0
2,1024,1048576,0.000000,0.000000,0.057652,0.000040,0.164349,0.000000,3.623913,0.000000,  STDIO,update,1,0,0,0
2,1024,1048576,0.000000,0.000000,0.001289,0.000676,0.183887,0.000000,2.338729,0.000000,  MPIIO,update,1,0,0,0
2,1024,1048576,0.000000,0.000000,0.000119,0.000022,0.447845,0.122733,4.005447,0.000000,  POSIX,worm,1,0,0,0
2,1024,1048576,0.000000,0.000000,0.000128,0.000067,0.398962,0.123239,2.341975,0.000000,  STDIO,worm,1,0,0,0
2,1024,1048576,0.000000,0.000000,0.007160,0.001170,0.398996,0.123781,2.343508,0.000000,  MPIIO,worm,1,0,0,0
2,1024,1048576,0.000000,0.000000,0.000034,0.000008,0.000000,0.114440,0.000000,2.749303,  POSIX,  ro,1,1,0,0
2,1024,1048576,0.000000,0.000000,0.000042,0.000041,0.000000,0.110464,0.000000,2.733863,  STDIO,  ro,1,1,0,0
2,1024,1048576,0.000000,0.000000,0.000908,0.000418,0.000000,0.104261,0.000000,2.783552,  MPIIO,  ro,1,1,0,0
2,1024,1048576,0.000000,0.000000,0.000140,0.000024,0.227108,0.122472,2.275747,0.000000,  POSIX, raw,1,1,0,0
2,1024,1048576,0.000000,0.000000,0.000124,0.000071,0.231240,0.122732,2.258836,0.000000,  STDIO, raw,1,1,0,0
2,1024,1048576,0.000000,0.000000,0.004012,0.000961,0.223142,0.123380,2.429310,0.000000,  MPIIO, raw,1,1,0,0
2,1024,1048576,0.000000,0.000000,0.000043,0.000030,0.205093,0.000000,1.994169,0.000000,  POSIX,update,1,1,0,0
2,1024,1048576,0.000000,0.000000,0.053930,0.000047,0.162115,0.000000,2.164456,0.000000,  STDIO,update,1,1,0,0
2,1024,1048576,0.000000,0.000000,0.001333,0.000554,0.181205,0.000000,2.808897,0.000000,  MPIIO,update,1,1,0,0
2,1024,1048576,0.000000,0.000000,0.000129,0.000022,0.439773,0.122999,2.648705,0.000000,  POSIX,worm,1,1,0,0
2,1024,1048576,0.000000,0.000000,0.000118,0.000069,0.399655,0.123698,2.285548,0.000000,  STDIO,worm,1,1,0,0
2,1024,1048576,0.000000,0.000000,0.004071,0.001126,0.399271,0.122884,2.258554,0.000000,  MPIIO,worm,1,1,0,0
2,1024,1048576,0.000000,0.000000,1.163404,0.000458,0.837048,0.000000,0.000000,0.000000,  POSIX,  wo,2,0,0,0
2,1024,1048576,0.000000,0.000000,1.202738,0.000359,3.014099,0.000000,0.000000,0.000000,  STDIO,  wo,2,0,0,0
2,1024,1048576,0.000000,0.000000,1.197026,0.002350,1.005428,0.000000,0.000000,0.000000,  MPIIO,  wo,2,0,0,0
2,1024,1048576,0.000000,0.000000,0.000054,0.000037,0.000000,0.891494,0.000000,0.000000,  POSIX,  ro,2,0,0,0
2,1024,1048576,0.000000,0.000000,0.000052,0.000066,0.000000,0.929409,0.000000,0.000000,  STDIO,  ro,2,0,0,0
2,1024,1048576,0.000000,0.000000,0.001240,0.000882,0.000000,0.916608,0.000000,0.000000,  MPIIO,  ro,2,0,0,0
2,1024,1048576,0.000000,0.000000,1.203030,0.000358,0.945941,1.060980,0.000000,0.000000,  POSIX, raw,2,0,0,0
2,1024,1048576,0.000000,0.000000,0.090108,0.000137,1.103639,1.351014,0.000000,0.000000,  POSIX, raw,2,0,0,1
2,1024,1048576,0.000000,0.000000,0.013071,0.000130,1.736864,1.345601,0.000000,0.000000,  POSIX, raw,2,0,0,1
2,1024,1048576,0.000000,0.000000,1.449593,0.000476,0.969906,1.119156,0.000000,0.000000,  STDIO, raw,2,0,0,0
2,1024,1048576,0.000000,0.000000,0.205446,0.000244,1.057602,1.358394,0.000000,0.000000,  STDIO, raw,2,0,0,1
2,1024,1048576,0.000000,0.000000,0.178507,0.000182,1.535205,1.362093,0.000000,0.000000,  STDIO, raw,2,0,0,1
2,1024,1048576,0.000000,0.000000,1.358790,0.003398,0.879299,1.068611,0.000000,0.000000,  MPIIO, raw,2,0,0,0
2,1024,1048576,0.000000,0.000000,0.017913,0.001443,1.106807,1.372771,0.000000,0.000000,  MPIIO, raw,2,0,0,1
2,1024,1048576,0.000000,0.000000,0.074270,0.001314,1.135033,1.353585,0.000000,0.000000,  MPIIO, raw,2,0,0,1
2,1024,1048576,0.000000,0.000000,0.000159,0.000124,1.024076,0.000000,0.000000,0.000000,  POSIX,update,2,0,0,0
2,1024,1048576,0.000000,0.000000,0.738632,0.000320,0.664714,0.000000,0.000000,0.000000,  STDIO,update,2,0,0,0
2,1024,1048576,0.000000,0.000000,0.006503,0.001203,0.971024,0.000000,0.000000,0.000000,  MPIIO,update,2,0,0,0
2,1024,1048576,0.000000,0.000000,1.410462,0.000315,0.824586,0.952465,0.000000,0.000000,  POSIX,worm,2,0,0,0
2,1024,1048576,0.000000,0.000000,0.006939,0.000154,0.939409,1.345119,0.000000,0.000000,  POSIX,worm,2,0,0,1
2,1024,1048576,0.000000,0.000000,0.006664,0.000123,1.007636,1.349378,0.000000,0.000000,  POSIX,worm,2,0,0,1
2,1024,1048576,0.000000,0.000000,1.192792,0.000324,0.871682,0.956265,0.000000,0.000000,  STDIO,worm,2,0,0,0
2,1024,1048576,0.000000,0.000000,0.014755,0.000199,0.936278,1.340505,0.000000,0.000000,  STDIO,worm,2,0,0,1
2,1024,1048576,0.000000,0.000000,0.007933,0.000156,0.977651,1.350959,0.000000,0.000000,  STDIO,worm,2,0,0,1
2,1024,1048576,0.000000,0.000000,1.183792,0.004302,0.851354,0.943184,0.000000,0.000000,  MPIIO,worm,2,0,0,0
2,1024,1048576,0.000000,0.000000,0.012516,0.001636,0.955150,1.388755,0.000000,0.000000,  MPIIO,worm,2,0,0,1
2,1024,1048576,0.000000,0.000000,0.012098,0.001697,0.994707,1.348672,0.000000,0.000000,  MPIIO,worm,2,0,0,1
2,1024,1048576,0.000000,0.000000,0.002755,0.000042,0.000000,0.858417,0.000000,0.000000,  POSIX,  ro,2,1,0,0
2,1024,1048576,0.000000,0.000000,0.000588,0.000064,0.000000,1.032434,0.000000,0.000000,  STDIO,  ro,2,1,0,0
2,1024,1048576,0.000000,0.000000,0.001301,0.001266,0.000000,4.270914,0.000000,0.000000,  MPIIO,  ro,2,1,0,0
2,1024,1048576,0.000000,0.000000,1.214410,0.000256,1.220302,1.018340,0.000000,0.000000,  POSIX, raw,2,1,0,0
2,1024,1048576,0.000000,0.000000,0.111523,0.000193,1.178387,1.099511,0.000000,0.000000,  POSIX, raw,2,1,0,1
2,1024,1048576,0.000000,0.000000,0.056667,0.000176,1.117167,1.224836,0.000000,0.000000,  POSIX, raw,2,1,0,1
2,1024,1048576,0.000000,0.000000,1.220491,0.000398,1.189706,1.066913,0.000000,0.000000,  STDIO, raw,2,1,0,0
2,1024,1048576,0.000000,0.000000,0.126792,0.000216,1.142292,1.191709,0.000000,0.000000,  STDIO, raw,2,1,0,1
2,1024,1048576,0.000000,0.000000,0.008744,0.000139,1.155597,1.329565,0.000000,0.000000,  STDIO, raw,2,1,0,1
2,1024,1048576,0.000000,0.000000,1.213500,0.003339,1.055771,3.538826,0.000000,0.000000,  MPIIO, raw,2,1,0,0
2,1024,1048576,0.000000,0.000000,0.011822,0.001646,1.260195,2.381223,0.000000,0.000000,  MPIIO, raw,2,1,0,1
2,1024,1048576,0.000000,0.000000,0.008023,0.002030,1.266284,3.905770,0.000000,0.000000,  MPIIO, raw,2,1,0,1
2,1024,1048576,0.000000,0.000000,0.000095,0.000022,23.664538,0.000000,0.000000,0.000000,  POSIX,update,2,1,0,0
2,1024,1048576,0.000000,0.000000,0.474578,0.027459,24.913875,0.000000,0.000000,0.000000,  STDIO,update,2,1,0,0
2,1024,1048576,0.000000,0.000000,0.001332,0.000404,26.452665,0.000000,0.000000,0.000000,  MPIIO,update,2,1,0,0
2,1024,1048576,0.000000,0.000000,1.432837,0.000291,0.905477,0.984366,0.000000,0.000000,  POSIX,worm,2,1,0,0
2,1024,1048576,0.000000,0.000000,0.009333,0.000140,1.001033,1.342836,0.000000,0.000000,  POSIX,worm,2,1,0,1
2,1024,1048576,0.000000,0.000000,0.007356,0.000147,0.990678,1.326750,0.000000,0.000000,  POSIX,worm,2,1,0,1
2,1024,1048576,0.000000,0.000000,1.194979,0.000387,0.901097,1.022943,0.000000,0.000000,  STDIO,worm,2,1,0,0
2,1024,1048576,0.000000,0.000000,0.006301,0.000234,1.106121,1.315397,0.000000,0.000000,  STDIO,worm,2,1,0,1
2,1024,1048576,0.000000,0.000000,0.006001,0.000165,0.966535,1.318488,0.000000,0.000000,  STDIO,worm,2,1,0,1
2,1024,1048576,0.000000,0.000000,1.465249,0.004114,0.780377,2.983113,0.000000,0.000000,  MPIIO,worm,2,1,0,0
2,1024,1048576,0.000000,0.000000,0.011481,0.001708,0.979933,4.775487,0.000000,0.000000,  MPIIO,worm,2,1,0,1
2,1024,1048576,0.000000,0.000000,0.009113,0.001729,0.953346,2.837630,0.000000,0.000000,  MPIIO,worm,2,1,0,1
4,1024,1048576,0.000000,0.000000,0.000076,0.000023,0.230483,0.000000,2.359151,0.000000,  POSIX,  wo,0,0,0,0
4,1024,1048576,0.000000,0.000000,0.000083,0.000066,0.235206,0.000000,2.172785,0.000000,  STDIO,  wo,0,0,0,0
4,1024,1048576,0.000000,0.000000,0.013335,0.000628,0.229415,0.000000,2.710483,0.000000,  MPIIO,  wo,0,0,0,0
4,1024,1048576,0.000000,0.000000,0.000032,0.000008,0.000000,0.110998,0.000000,2.758705,  POSIX,  ro,0,0,0,0
4,1024,1048576,0.000000,0.000000,0.000041,0.000041,0.000000,0.108602,0.000000,2.747915,  STDIO,  ro,0,0,0,0
4,1024,1048576,0.000000,0.000000,0.000909,0.000400,0.000000,0.110264,0.000000,2.741622,  MPIIO,  ro,0,0,0,0
4,1024,1048576,0.000000,0.000000,0.000124,0.000025,0.230941,0.122845,2.417571,0.000000,  POSIX, raw,0,0,0,0
4,1024,1048576,0.000000,0.000000,0.000125,0.000070,0.235030,0.122623,2.258793,0.000000,  STDIO, raw,0,0,0,0
4,1024,1048576,0.000000,0.000000,0.004056,0.000976,0.227914,0.122937,2.284584,0.000000,  MPIIO, raw,0,0,0,0
4,1024,1048576,0.000000,0.000000,0.000042,0.000025,0.183222,0.000000,2.165124,0.000000,  POSIX,update,0,0,0,0
4,1024,1048576,0.000000,0.000000,0.055847,0.000044,0.167335,0.000000,2.148329,0.000000,  STDIO,update,0,0,0,0
4,1024,1048576,0.000000,0.000000,0.001252,0.000570,0.183357,0.000000,2.231039,0.000000,  MPIIO,update,0,0,0,0
4,1024,1048576,0.000000,0.000000,0.000129,0.000023,0.441768,0.122876,3.131105,0.000000,  POSIX,worm,0,0,0,0
4,1024,1048576,0.000000,0.000000,0.000128,0.000070,0.413117,0.123282,2.300603,0.000000,  STDIO,worm,0,0,0,0
4,1024,1048576,0.000000,0.000000,0.004046,0.001058,0.413538,0.123777,2.284864,0.000000,  MPIIO,worm,0,0,0,0
4,1024,1048576,0.000000,0.000000,0.000031,0.000008,0.000000,0.107432,0.000000,2.755165,  POSIX,  ro,0,1,0,0
4,1024,1048576,0.000000,0.000000,0.000040,0.000045,0.000000,0.109603,0.000000,2.738137,  STDIO,  ro,0,1,0,0
4,1024,1048576,0.000000,0.000000,0.000920,0.000397,0.000000,0.111696,0.000000,2.742655,  MPIIO,  ro,0,1,0,0
4,1024,1048576,0.000000,0.000000,0.000139,0.000025,0.231609,0.122820,2.739894,0.000000,  POSIX, raw,0,1,0,0
4,1024,1048576,0.000000,0.000000,0.000133,0.000073,0.235931,0.122755,2.345630,0.000000,  STDIO, raw,0,1,0,0
4,1024,1048576,0.000000,0.000000,0.013122,0.000959,0.227378,0.123348,2.263577,0.000000,  MPIIO, raw,0,1,0,0
4,1024,1048576,0.000000,0.000000,0.000039,0.000025,0.185321,0.000000,2.214728,0.000000,  POSIX,update,0,1,0,0
4,1024,1048576,0.000000,0.000000,0.051267,0.000049,0.161054,0.000000,2.337754,0.000000,  STDIO,update,0,1,0,0
4,1024,1048576,0.000000,0.000000,0.001283,0.000641,0.182793,0.000000,2.216980,0.000000,  MPIIO,update,0,1,0,0
4,1024,1048576,0.000000,0.000000,0.000136,0.000024,0.431207,0.122889,2.282477,0.000000,  POSIX,worm,0,1,0,0
4,1024,1048576,0.000000,0.000000,0.000125,0.000069,0.410942,0.123088,2.269230,0.000000,  STDIO,worm,0,1,0,0
4,1024,1048576,0.000000,0.000000,0.004129,0.001049,0.410697,0.123253,3.433760,0.000000,  MPIIO,worm,0,1,0,0
4,1024,1048576,0.000000,0.000000,0.000094,0.000025,0.231289,0.000000,2.980759,0.000000,  POSIX,  wo,1,0,0,0
4,1024,1048576,0.000000,0.000000,0.000083,0.000059,0.238221,0.000000,2.399587,0.000000,  STDIO,  wo,1,0,0,0
4,1024,1048576,0.000000,0.000000,0.003204,0.000626,0.229283,0.000000,3.325254,0.000000,  MPIIO,  wo,1,0,0,0
4,1024,1048576,0.000000,0.000000,0.000030,0.000008,0.000000,0.103511,0.000000,2.692234,  POSIX,  ro,1,0,0,0
4,1024,1048576,0.000000,0.000000,0.000041,0.000041,0.000000,0.108720,0.000000,2.763127,  STDIO,  ro,1,0,0,0
4,1024,1048576,0.000000,0.000000,0.000910,0.000400,0.000000,0.110497,0.000000,2.752147,  MPIIO,  ro,1,0,0,0
4,1024,1048576,0.000000,0.000000,0.000133,0.000026,0.230552,0.122993,2.387381,0.000000,  POSIX, raw,1,0,0,0
4,1024,1048576,0.000000,0.000000,0.000130,0.000073,0.235646,0.122660,2.283355,0.000000,  STDIO, raw,1,0,0,0
4,1024,1048576,0.000000,0.000000,0.009789,0.000921,0.227500,0.123244,3.038109,0.000000,  MPIIO, raw,1,0,0,0
4,1024,1048576,0.000000,0.000000,0.000043,0.000027,0.182913,0.000000,2.311600,0.000000,  POSIX,update,1,0,0,0
4,1024,1048576,0.000000,0.000000,0.055513,0.000045,0.166924,0.000000,2.369174,0.000000,  STDIO,update,1,0,0,0
4,1024,1048576,0.000000,0.000000,0.001257,0.000610,0.182810,0.000000,4.263810,0.000000,  MPIIO,update,1,0,0,0
4,1024,1048576,0.000000,0.000000,0.000132,0.000024,0.430343,0.122981,2.288883,0.000000,  POSIX,worm,1,0,0,0
4,1024,1048576,0.000000,0.000000,0.000126,0.000068,0.409383,0.123200,2.243032,0.000000,  STDIO,worm,1,0,0,0
4,1024,1048576,0.000000,0.000000,0.004406,0.001060,0.409645,0.123766,4.351626,0.000000,  MPIIO,worm,1,0,0,0
4,1024,1048576,0.000000,0.000000,0.000033,0.000008,0.000000,0.113343,0.000000,2.741636,  POSIX,  ro,1,1,0,0
4,1024,1048576,0.000000,0.000000,0.000041,0.000041,0.000000,0.109761,0.000000,2.714865,  STDIO,  ro,1,1,0,0
4,1024,1048576,0.000000,0.000000,0.000933,0.000415,0.000000,0.113625,0.000000,2.739615,  MPIIO,  ro,1,1,0,0
4,1024,1048576,0.000000,0.000000,0.000125,0.000025,0.231219,0.122691,2.398898,0.000000,  POSIX, raw,1,1,0,0
4,1024,1048576,0.000000,0.000000,0.000133,0.000073,0.235853,0.122705,2.238819,0.000000,  STDIO, raw,1,1,0,0
4,1024,1048576,0.000000,0.000000,0.014173,0.001019,0.228468,0.123855,2.467931,0.000000,  MPIIO, raw,1,1,0,0
4,1024,1048576,0.000000,0.000000,0.000042,0.000025,0.185465,0.000000,2.205935,0.000000,  POSIX,update,1,1,0,0
4,1024,1048576,0.000000,0.000000,0.051340,0.000050,0.161050,0.000000,3.238662,0.000000,  STDIO,update,1,1,0,0
4,1024,1048576,0.000000,0.000000,0.001278,0.000589,0.183920,0.000000,2.301479,0.000000,  MPIIO,update,1,1,0,0
4,1024,1048576,0.000000,0.000000,0.000123,0.000023,0.430058,0.122941,2.322274,0.000000,  POSIX,worm,1,1,0,0
4,1024,1048576,0.000000,0.000000,0.000129,0.000076,0.408513,0.123096,2.354259,0.000000,  STDIO,worm,1,1,0,0
4,1024,1048576,0.000000,0.000000,0.004142,0.001094,0.408510,0.123377,2.292950,0.000000,  MPIIO,worm,1,1,0,0
4,1024,1048576,0.000000,0.000000,1.272979,0.000207,2.284545,0.000000,0.000000,0.000000,  POSIX,  wo,2,0,0,0
4,1024,1048576,0.000000,0.000000,1.535338,0.000391,0.842642,0.000000,0.000000,0.000000,  STDIO,  wo,2,0,0,0
4,1024,1048576,0.000000,0.000000,1.516060,0.002127,0.838108,0.000000,0.000000,0.000000,  MPIIO,  wo,2,0,0,0
4,1024,1048576,0.000000,0.000000,0.000220,0.000031,0.000000,1.029947,0.000000,0.000000,  POSIX,  ro,2,0,0,0
4,1024,1048576,0.000000,0.000000,0.001510,0.000059,0.000000,1.011243,0.000000,0.000000,  STDIO,  ro,2,0,0,0
4,1024,1048576,0.000000,0.000000,0.002934,0.000543,0.000000,1.132196,0.000000,0.000000,  MPIIO,  ro,2,0,0,0
4,1024,1048576,0.000000,0.000000,1.259960,0.000369,0.966456,1.230319,0.000000,0.000000,  POSIX, raw,2,0,0,0
4,1024,1048576,0.000000,0.000000,0.622464,0.000129,2.281139,1.293653,0.000000,0.000000,  POSIX, raw,2,0,0,1
4,1024,1048576,0.000000,0.000000,0.736831,0.000158,0.950832,1.313400,0.000000,0.000000,  POSIX, raw,2,0,0,1
4,1024,1048576,0.000000,0.000000,1.248630,0.000275,2.116200,1.149178,0.000000,0.000000,  STDIO, raw,2,0,0,0
4,1024,1048576,0.000000,0.000000,0.716617,0.000250,0.627128,1.050131,0.000000,0.000000,  STDIO, raw,2,0,0,1
4,1024,1048576,0.000000,0.000000,0.768754,0.000184,0.444721,1.146808,0.000000,0.000000,  STDIO, raw,2,0,0,1
4,1024,1048576,0.000000,0.000000,2.070493,0.002446,0.797323,1.138568,0.000000,0.000000,  MPIIO, raw,2,0,0,0
4,1024,1048576,0.000000,0.000000,0.592764,0.001171,0.348432,1.126248,0.000000,0.000000,  MPIIO, raw,2,0,0,1
4,1024,1048576,0.000000,0.000000,0.813443,0.001208,0.647286,1.087305,0.000000,0.000000,  MPIIO, raw,2,0,0,1
4,1024,1048576,0.000000,0.000000,0.000161,0.000101,0.976494,0.000000,0.000000,0.000000,  POSIX,update,2,0,0,0
4,1024,1048576,0.000000,0.000000,0.463961,0.000229,0.299794,0.000000,0.000000,0.000000,  STDIO,update,2,0,0,0
4,1024,1048576,0.000000,0.000000,0.002129,0.001324,0.929098,0.000000,0.000000,0.000000,  MPIIO,update,2,0,0,0
4,1024,1048576,0.000000,0.000000,1.259099,0.000276,0.909817,1.112804,0.000000,0.000000,  POSIX,worm,2,0,0,0
4,1024,1048576,0.000000,0.000000,0.694597,0.000140,0.657894,1.199781,0.000000,0.000000,  POSIX,worm,2,0,0,1
4,1024,1048576,0.000000,0.000000,0.613955,0.000148,0.747452,1.202222,0.000000,0.000000,  POSIX,worm,2,0,0,1
4,1024,1048576,0.000000,0.000000,1.249437,0.000452,0.915196,1.155103,0.000000,0.000000,  STDIO,worm,2,0,0,0
4,1024,1048576,0.000000,0.000000,0.870944,0.000222,0.705112,1.110915,0.000000,0.000000,  STDIO,worm,2,0,0,1
4,1024,1048576,0.000000,0.000000,0.548837,0.000179,0.624226,1.234602,0.000000,0.000000,  STDIO,worm,2,0,0,1
4,1024,1048576,0.000000,0.000000,1.352577,0.002661,0.930705,1.240474,0.000000,0.000000,  MPIIO,worm,2,0,0,0
4,1024,1048576,0.000000,0.000000,0.651204,0.001112,1.110065,1.099020,0.000000,0.000000,  MPIIO,worm,2,0,0,1
4,1024,1048576,0.000000,0.000000,0.678966,0.001228,0.676173,1.140006,0.000000,0.000000,  MPIIO,worm,2,0,0,1
4,1024,1048576,0.000000,0.000000,0.000048,0.000034,0.000000,0.994742,0.000000,0.000000,  POSIX,  ro,2,1,0,0
4,1024,1048576,0.000000,0.000000,0.000052,0.000057,0.000000,1.045549,0.000000,0.000000,  STDIO,  ro,2,1,0,0
4,1024,1048576,0.000000,0.000000,0.004618,0.000952,0.000000,2.989675,0.000000,0.000000,  MPIIO,  ro,2,1,0,0
4,1024,1048576,0.000000,0.000000,1.638043,0.000286,0.625812,1.046564,0.000000,0.000000,  POSIX, raw,2,1,0,0
4,1024,1048576,0.000000,0.000000,0.701569,0.000107,0.885878,1.173206,0.000000,0.000000,  POSIX, raw,2,1,0,1
4,1024,1048576,0.000000,0.000000,0.160638,0.000173,0.732959,1.345980,0.000000,0.000000,  POSIX, raw,2,1,0,1
4,1024,1048576,0.000000,0.000000,1.482311,0.000397,1.040843,1.008125,0.000000,0.000000,  STDIO, raw,2,1,0,0
4,1024,1048576,0.000000,0.000000,0.640152,0.000169,0.515869,1.183977,0.000000,0.000000,  STDIO, raw,2,1,0,1
4,1024,1048576,0.000000,0.000000,0.698083,0.000170,0.573002,1.086502,0.000000,0.000000,  STDIO, raw,2,1,0,1
4,1024,1048576,0.000000,0.000000,1.383595,0.002495,1.163080,4.407838,0.000000,0.000000,  MPIIO, raw,2,1,0,0
4,1024,1048576,0.000000,0.000000,0.836245,0.001268,0.608669,2.268545,0.000000,0.000000,  MPIIO, raw,2,1,0,1
4,1024,1048576,0.000000,0.000000,0.798648,0.001593,0.625728,3.748133,0.000000,0.000000,  MPIIO, raw,2,1,0,1
4,1024,1048576,0.000000,0.000000,0.000105,0.000023,27.185318,0.000000,0.000000,0.000000,  POSIX,update,2,1,0,0
4,1024,1048576,0.000000,0.000000,0.254676,0.000727,24.981835,0.000000,0.000000,0.000000,  STDIO,update,2,1,0,0
4,1024,1048576,0.000000,0.000000,0.001274,0.000408,25.561633,0.000000,0.000000,0.000000,  MPIIO,update,2,1,0,0
4,1024,1048576,0.000000,0.000000,1.798960,0.000273,0.948743,1.178241,0.000000,0.000000,  POSIX,worm,2,1,0,0
4,1024,1048576,0.000000,0.000000,0.569570,0.000129,0.699156,1.443074,0.000000,0.000000,  POSIX,worm,2,1,0,1
4,1024,1048576,0.000000,0.000000,0.629808,0.000161,0.722290,1.278764,0.000000,0.000000,  POSIX,worm,2,1,0,1
4,1024,1048576,0.000000,0.000000,1.349534,0.000372,0.894894,1.167004,0.000000,0.000000,  STDIO,worm,2,1,0,0
4,1024,1048576,0.000000,0.000000,0.611544,0.000178,0.857613,1.309302,0.000000,0.000000,  STDIO,worm,2,1,0,1
4,1024,1048576,0.000000,0.000000,0.546456,0.000197,0.652521,1.201728,0.000000,0.000000,  STDIO,worm,2,1,0,1
4,1024,1048576,0.000000,0.000000,1.632200,0.003040,0.925175,2.170917,0.000000,0.000000,  MPIIO,worm,2,1,0,0
4,1024,1048576,0.000000,0.000000,0.624138,0.001448,0.841666,2.121158,0.000000,0.000000,  MPIIO,worm,2,1,0,1
4,1024,1048576,0.000000,0.000000,0.684021,0.001475,0.798240,4.615329,0.000000,0.000000,  MPIIO,worm,2,1,0,1
8,1024,1048576,0.000000,0.000000,0.000076,0.000022,0.225917,0.000000,3.150410,0.000000,  POSIX,  wo,0,0,0,0
8,1024,1048576,0.000000,0.000000,0.000083,0.000059,0.232060,0.000000,3.202380,0.000000,  STDIO,  wo,0,0,0,0
8,1024,1048576,0.000000,0.000000,0.024336,0.000620,0.226070,0.000000,2.638548,0.000000,  MPIIO,  wo,0,0,0,0
8,1024,1048576,0.000000,0.000000,0.000031,0.000008,0.000000,0.108520,0.000000,2.743084,  POSIX,  ro,0,0,0,0
8,1024,1048576,0.000000,0.000000,0.000043,0.000043,0.000000,0.107117,0.000000,2.798230,  STDIO,  ro,0,0,0,0
8,1024,1048576,0.000000,0.000000,0.000900,0.000418,0.000000,0.106962,0.000000,2.721177,  MPIIO,  ro,0,0,0,0
8,1024,1048576,0.000000,0.000000,0.000131,0.000025,0.229939,0.122296,2.575158,0.000000,  POSIX, raw,0,0,0,0
8,1024,1048576,0.000000,0.000000,0.000131,0.000075,0.233283,0.121986,2.949065,0.000000,  STDIO, raw,0,0,0,0
8,1024,1048576,0.000000,0.000000,0.004226,0.001004,0.227342,0.123037,2.662325,0.000000,  MPIIO, raw,0,0,0,0
8,1024,1048576,0.000000,0.000000,0.000041,0.000024,0.183029,0.000000,2.830135,0.000000,  POSIX,update,0,0,0,0
8,1024,1048576,0.000000,0.000000,0.058150,0.000043,0.169371,0.000000,3.041991,0.000000,  STDIO,update,0,0,0,0
8,1024,1048576,0.000000,0.000000,0.001269,0.000519,0.180222,0.000000,2.963351,0.000000,  MPIIO,update,0,0,0,0
8,1024,1048576,0.000000,0.000000,0.000132,0.000023,0.434060,0.122761,3.029692,0.000000,  POSIX,worm,0,0,0,0
8,1024,1048576,0.000000,0.000000,0.000131,0.000075,0.411346,0.122847,2.583239,0.000000,  STDIO,worm,0,0,0,0
8,1024,1048576,0.000000,0.000000,0.004184,0.001075,0.411630,0.123634,2.684641,0.000000,  MPIIO,worm,0,0,0,0
8,1024,1048576,0.000000,0.000000,0.000031,0.000008,0.000000,0.107306,0.000000,2.801918,  POSIX,  ro,0,1,0,0
8,1024,1048576,0.000000,0.000000,0.000041,0.000040,0.000000,0.107383,0.000000,2.833740,  STDIO,  ro,0,1,0,0
8,1024,1048576,0.000000,0.000000,0.000907,0.000402,0.000000,0.117368,0.000000,3.071714,  MPIIO,  ro,0,1,0,0
8,1024,1048576,0.000000,0.000000,0.000139,0.000025,0.230395,0.122447,2.528959,0.000000,  POSIX, raw,0,1,0,0
8,1024,1048576,0.000000,0.000000,0.000118,0.000078,0.234307,0.122349,2.663471,0.000000,  STDIO, raw,0,1,0,0
8,1024,1048576,0.000000,0.000000,0.004330,0.001003,0.226315,0.123089,3.005584,0.000000,  MPIIO, raw,0,1,0,0
8,1024,1048576,0.000000,0.000000,0.000041,0.000024,0.186824,0.000000,2.616213,0.000000,  POSIX,update,0,1,0,0
8,1024,1048576,0.000000,0.000000,0.054137,0.000048,0.163061,0.000000,2.957576,0.000000,  STDIO,update,0,1,0,0
8,1024,1048576,0.000000,0.000000,0.001236,0.000506,0.182138,0.000000,2.762130,0.000000,  MPIIO,update,0,1,0,0
8,1024,1048576,0.000000,0.000000,0.000126,0.000024,0.431836,0.122677,3.029983,0.000000,  POSIX,worm,0,1,0,0
8,1024,1048576,0.000000,0.000000,0.000110,0.000072,0.409659,0.122710,2.480457,0.000000,  STDIO,worm,0,1,0,0
8,1024,1048576,0.000000,0.000000,0.004072,0.001103,0.409503,0.122911,3.047329,0.000000,  MPIIO,worm,0,1,0,0
8,1024,1048576,0.000000,0.000000,0.000089,0.000022,0.229897,0.000000,2.383436,0.000000,  POSIX,  wo,1,0,0,0
8,1024,1048576,0.000000,0.000000,0.000072,0.000057,0.234712,0.000000,2.673741,0.000000,  STDIO,  wo,1,0,0,0
8,1024,1048576,0.000000,0.000000,0.261756,0.000605,0.228862,0.000000,2.616639,0.000000,  MPIIO,  wo,1,0,0,0
8,1024,1048576,0.000000,0.000000,0.000031,0.000008,0.000000,0.108069,0.000000,2.734685,  POSIX,  ro,1,0,0,0
8,1024,1048576,0.000000,0.000000,0.000041,0.000042,0.000000,0.108063,0.000000,2.739206,  STDIO,  ro,1,0,0,0
8,1024,1048576,0.000000,0.000000,0.000914,0.000402,0.000000,0.106370,0.000000,2.724152,  MPIIO,  ro,1,0,0,0
8,1024,1048576,0.000000,0.000000,0.000137,0.000026,0.229987,0.122387,4.161136,0.000000,  POSIX, raw,1,0,0,0
8,1024,1048576,0.000000,0.000000,0.000127,0.000075,0.233777,0.122323,2.585691,0.000000,  STDIO, raw,1,0,0,0
8,1024,1048576,0.000000,0.000000,0.006649,0.001003,0.226956,0.122703,2.983811,0.000000,  MPIIO, raw,1,0,0,0
8,1024,1048576,0.000000,0.000000,0.000041,0.000024,0.183652,0.000000,2.543521,0.000000,  POSIX,update,1,0,0,0
8,1024,1048576,0.000000,0.000000,0.057540,0.000044,0.168489,0.000000,2.716375,0.000000,  STDIO,update,1,0,0,0
8,1024,1048576,0.000000,0.000000,0.001276,0.000531,0.182211,0.000000,2.320742,0.000000,  MPIIO,update,1,0,0,0
8,1024,1048576,0.000000,0.000000,0.000126,0.000024,0.429557,0.122848,2.393660,0.000000,  POSIX,worm,1,0,0,0
8,1024,1048576,0.000000,0.000000,0.000121,0.000081,0.408635,0.122851,2.449896,0.000000,  STDIO,worm,1,0,0,0
8,1024,1048576,0.000000,0.000000,0.014762,0.001057,0.408332,0.123351,3.044824,0.000000,  MPIIO,worm,1,0,0,0
8,1024,1048576,0.000000,0.000000,0.000033,0.000008,0.000000,0.107279,0.000000,2.746870,  POSIX,  ro,1,1,0,0
8,1024,1048576,0.000000,0.000000,0.000042,0.000043,0.000000,0.107770,0.000000,2.747479,  STDIO,  ro,1,1,0,0
8,1024,1048576,0.000000,0.000000,0.000937,0.000408,0.000000,0.107901,0.000000,2.745020,  MPIIO,  ro,1,1,0,0
8,1024,1048576,0.000000,0.000000,0.000126,0.000025,0.228964,0.122127,2.369546,0.000000,  POSIX, raw,1,1,0,0
8,1024,1048576,0.000000,0.000000,0.000129,0.000075,0.234428,0.122202,2.376406,0.000000,  STDIO, raw,1,1,0,0
8,1024,1048576,0.000000,0.000000,0.004124,0.000995,0.227448,0.123444,2.702513,0.000000,  MPIIO, raw,1,1,0,0
8,1024,1048576,0.000000,0.000000,0.000041,0.000025,0.186973,0.000000,2.627569,0.000000,  POSIX,update,1,1,0,0
8,1024,1048576,0.000000,0.000000,0.053876,0.000048,0.162551,0.000000,2.805012,0.000000,  STDIO,update,1,1,0,0
8,1024,1048576,0.000000,0.000000,0.001276,0.000577,0.183778,0.000000,2.206205,0.000000,  MPIIO,update,1,1,0,0
8,1024,1048576,0.000000,0.000000,0.000133,0.000024,0.428851,0.122855,2.552177,0.000000,  POSIX,worm,1,1,0,0
8,1024,1048576,0.000000,0.000000,0.000125,0.000077,0.408032,0.122861,3.725368,0.000000,  STDIO,worm,1,1,0,0
8,1024,1048576,0.000000,0.000000,0.004812,0.001075,0.407457,0.122891,2.294742,0.000000,  MPIIO,worm,1,1,0,0
8,1024,1048576,0.000000,0.000000,2.408805,0.000201,1.188012,0.000000,0.000000,0.000000,  POSIX,  wo,2,0,0,0
8,1024,1048576,0.000000,0.000000,1.767181,0.000297,0.450877,0.000000,0.000000,0.000000,  STDIO,  wo,2,0,0,0
8,1024,1048576,0.000000,0.000000,2.670989,0.001649,0.517247,0.000000,0.000000,0.000000,  MPIIO,  wo,2,0,0,0
8,1024,1048576,0.000000,0.000000,0.000186,0.000031,0.000000,1.015784,0.000000,0.000000,  POSIX,  ro,2,0,0,0
8,1024,1048576,0.000000,0.000000,0.000053,0.000060,0.000000,1.042778,0.000000,0.000000,  STDIO,  ro,2,0,0,0
8,1024,1048576,0.000000,0.000000,0.001119,0.000631,0.000000,1.030702,0.000000,0.000000,  MPIIO,  ro,2,0,0,0
8,1024,1048576,0.000000,0.000000,2.597318,0.000252,1.130419,1.136133,0.000000,0.000000,  POSIX, raw,2,0,0,0
8,1024,1048576,0.000000,0.000000,0.858952,0.000122,0.434691,1.258276,0.000000,0.000000,  POSIX, raw,2,0,0,1
8,1024,1048576,0.000000,0.000000,0.899752,0.000135,0.413053,1.183805,0.000000,0.000000,  POSIX, raw,2,0,0,1
8,1024,1048576,0.000000,0.000000,2.041143,0.000365,0.503337,1.025764,0.000000,0.000000,  STDIO, raw,2,0,0,0
8,1024,1048576,0.000000,0.000000,0.901502,0.000169,0.503733,1.132284,0.000000,0.000000,  STDIO, raw,2,0,0,1
8,1024,1048576,0.000000,0.000000,0.832469,0.000164,0.398479,1.172336,0.000000,0.000000,  STDIO, raw,2,0,0,1
8,1024,1048576,0.000000,0.000000,1.960614,0.002706,0.584377,1.148762,0.000000,0.000000,  MPIIO, raw,2,0,0,0
8,1024,1048576,0.000000,0.000000,0.987026,0.001213,0.468556,1.284804,0.000000,0.000000,  MPIIO, raw,2,0,0,1
8,1024,1048576,0.000000,0.000000,0.903591,0.001166,0.482595,1.125738,0.000000,0.000000,  MPIIO, raw,2,0,0,1
8,1024,1048576,0.000000,0.000000,0.000157,0.000132,1.047184,0.000000,0.000000,0.000000,  POSIX,update,2,0,0,0
8,1024,1048576,0.000000,0.000000,0.361068,0.000218,0.623464,0.000000,0.000000,0.000000,  STDIO,update,2,0,0,0
8,1024,1048576,0.000000,0.000000,0.002183,0.001689,1.131350,0.000000,0.000000,0.000000,  MPIIO,update,2,0,0,0
8,1024,1048576,0.000000,0.000000,2.436794,0.000378,1.278447,0.973660,0.000000,0.000000,  POSIX,worm,2,0,0,0
8,1024,1048576,0.000000,0.000000,0.606599,0.000123,0.884447,1.222964,0.000000,0.000000,  POSIX,worm,2,0,0,1
8,1024,1048576,0.000000,0.000000,0.674196,0.000128,0.851122,1.223545,0.000000,0.000000,  POSIX,worm,2,0,0,1
8,1024,1048576,0.000000,0.000000,1.263998,0.000453,1.013648,1.215356,0.000000,0.000000,  STDIO,worm,2,0,0,0
8,1024,1048576,0.000000,0.000000,0.655098,0.000166,0.934947,1.245598,0.000000,0.000000,  STDIO,worm,2,0,0,1
8,1024,1048576,0.000000,0.000000,0.759317,0.000720,0.859454,1.258937,0.000000,0.000000,  STDIO,worm,2,0,0,1
8,1024,1048576,0.000000,0.000000,1.274686,0.002344,0.940549,1.207546,0.000000,0.000000,  MPIIO,worm,2,0,0,0
8,1024,1048576,0.000000,0.000000,0.675997,0.001289,0.877275,1.273598,0.000000,0.000000,  MPIIO,worm,2,0,0,1
8,1024,1048576,0.000000,0.000000,0.919958,0.001203,1.494774,1.202829,0.000000,0.000000,  MPIIO,worm,2,0,0,1
8,1024,1048576,0.000000,0.000000,0.000050,0.000033,0.000000,1.064802,0.000000,0.000000,  POSIX,  ro,2,1,0,0
8,1024,1048576,0.000000,0.000000,0.000052,0.000059,0.000000,1.076103,0.000000,0.000000,  STDIO,  ro,2,1,0,0
8,1024,1048576,0.000000,0.000000,0.001185,0.000652,0.000000,2.448142,0.000000,0.000000,  MPIIO,  ro,2,1,0,0
8,1024,1048576,0.000000,0.000000,1.716573,0.000262,0.540699,1.003446,0.000000,0.000000,  POSIX, raw,2,1,0,0
8,1024,1048576,0.000000,0.000000,0.764957,0.000120,0.445930,1.173607,0.000000,0.000000,  POSIX, raw,2,1,0,1
8,1024,1048576,0.000000,0.000000,0.909364,0.000140,0.455973,1.077832,0.000000,0.000000,  POSIX, raw,2,1,0,1
8,1024,1048576,0.000000,0.000000,1.685084,0.000396,0.636309,0.926561,0.000000,0.000000,  STDIO, raw,2,1,0,0
8,1024,1048576,0.000000,0.000000,0.837589,0.000197,0.394554,1.229222,0.000000,0.000000,  STDIO, raw,2,1,0,1
8,1024,1048576,0.000000,0.000000,0.825659,0.000185,0.489339,1.141061,0.000000,0.000000,  STDIO, raw,2,1,0,1
8,1024,1048576,0.000000,0.000000,2.109908,0.002249,0.599040,3.525176,0.000000,0.000000,  MPIIO, raw,2,1,0,0
8,1024,1048576,0.000000,0.000000,0.887174,0.001074,0.543624,4.303540,0.000000,0.000000,  MPIIO, raw,2,1,0,1
8,1024,1048576,0.000000,0.000000,0.982810,0.000991,1.010592,4.147109,0.000000,0.000000,  MPIIO, raw,2,1,0,1
8,1024,1048576,0.000000,0.000000,0.000070,0.000022,33.830612,0.000000,0.000000,0.000000,  POSIX,update,2,1,0,0
8,1024,1048576,0.000000,0.000000,0.252731,0.000118,28.515942,0.000000,0.000000,0.000000,  STDIO,update,2,1,0,0
8,1024,1048576,0.000000,0.000000,0.076259,0.000410,32.860589,0.000000,0.000000,0.000000,  MPIIO,update,2,1,0,0
8,1024,1048576,0.000000,0.000000,1.422500,0.000263,1.076979,1.153950,0.000000,0.000000,  POSIX,worm,2,1,0,0
8,1024,1048576,0.000000,0.000000,0.601090,0.000203,0.861257,1.289685,0.000000,0.000000,  POSIX,worm,2,1,0,1
8,1024,1048576,0.000000,0.000000,0.727301,0.000136,0.846918,1.267161,0.000000,0.000000,  POSIX,worm,2,1,0,1
8,1024,1048576,0.000000,0.000000,1.572532,0.000352,1.069186,1.338273,0.000000,0.000000,  STDIO,worm,2,1,0,0
8,1024,1048576,0.000000,0.000000,0.710985,0.000183,0.871776,1.258807,0.000000,0.000000,  STDIO,worm,2,1,0,1
8,1024,1048576,0.000000,0.000000,0.883405,0.000185,0.952773,1.230059,0.000000,0.000000,  STDIO,worm,2,1,0,1
8,1024,1048576,0.000000,0.000000,1.280591,0.002585,0.993378,2.792726,0.000000,0.000000,  MPIIO,worm,2,1,0,0
8,1024,1048576,0.000000,0.000000,0.659575,0.001281,0.908356,2.587933,0.000000,0.000000,  MPIIO,worm,2,1,0,1
8,1024,1048576,0.000000,0.000000,0.591823,0.001025,1.166128,5.250416,0.000000,0.000000,  MPIIO,worm,2,1,0,1
16,1024,1048576,0.000000,0.000000,0.000086,0.000030,0.242226,0.000000,3.537425,0.000000,  POSIX,  wo,0,0,0,0
16,1024,1048576,0.000000,0.000000,0.000084,0.000060,0.234545,0.000000,4.173962,0.000000,  STDIO,  wo,0,0,0,0
16,1024,1048576,0.000000,0.000000,0.018505,0.000636,0.226424,0.000000,3.446822,0.000000,  MPIIO,  wo,0,0,0,0
16,1024,1048576,0.000000,0.000000,0.000032,0.000008,0.000000,0.117977,0.000000,2.912584,  POSIX,  ro,0,0,0,0
16,1024,1048576,0.000000,0.000000,0.000042,0.000046,0.000000,0.107407,0.000000,2.735202,  STDIO,  ro,0,0,0,0
16,1024,1048576,0.000000,0.000000,0.000951,0.000407,0.000000,0.106165,0.000000,2.726063,  MPIIO,  ro,0,0,0,0
16,1024,1048576,0.000000,0.000000,0.000133,0.000027,0.229876,0.191953,3.349622,0.000000,  POSIX, raw,0,0,0,0
16,1024,1048576,0.000000,0.000000,0.000138,0.000077,0.233693,0.121875,3.103590,0.000000,  STDIO, raw,0,0,0,0
16,1024,1048576,0.000000,0.000000,0.018278,0.001022,0.225138,0.122528,3.078618,0.000000,  MPIIO, raw,0,0,0,0
16,1024,1048576,0.000000,0.000000,0.000042,0.000024,0.180104,0.000000,3.288445,0.000000,  POSIX,update,0,0,0,0
16,1024,1048576,0.000000,0.000000,0.056890,0.000042,0.166795,0.000000,3.692739,0.000000,  STDIO,update,0,0,0,0
16,1024,1048576,0.000000,0.000000,0.001262,0.000525,0.179136,0.000000,3.231240,0.000000,  MPIIO,update,0,0,0,0
16,1024,1048576,0.000000,0.000000,0.000130,0.000024,0.432834,0.122521,3.128620,0.000000,  POSIX,worm,0,0,0,0
16,1024,1048576,0.000000,0.000000,0.000130,0.000081,0.405194,0.122788,3.324802,0.000000,  STDIO,worm,0,0,0,0
16,1024,1048576,0.000000,0.000000,0.005237,0.001096,0.405012,0.123376,3.368130,0.000000,  MPIIO,worm,0,0,0,0
16,1024,1048576,0.000000,0.000000,0.000032,0.000008,0.000000,0.116649,0.000000,2.866135,  POSIX,  ro,0,1,0,0
16,1024,1048576,0.000000,0.000000,0.000042,0.000047,0.000000,0.109487,0.000000,2.733549,  STDIO,  ro,0,1,0,0
16,1024,1048576,0.000000,0.000000,0.000926,0.000415,0.000000,0.116584,0.000000,2.847309,  MPIIO,  ro,0,1,0,0
16,1024,1048576,0.000000,0.000000,0.000135,0.000027,0.229235,0.185404,3.003201,0.000000,  POSIX, raw,0,1,0,0
16,1024,1048576,0.000000,0.000000,0.000131,0.000079,0.232030,0.121986,3.045078,0.000000,  STDIO, raw,0,1,0,0
16,1024,1048576,0.000000,0.000000,0.004415,0.001059,0.225232,0.122930,3.146915,0.000000,  MPIIO, raw,0,1,0,0
16,1024,1048576,0.000000,0.000000,0.000041,0.000023,0.182679,0.000000,3.723791,0.000000,  POSIX,update,0,1,0,0
16,1024,1048576,0.000000,0.000000,0.052506,0.000045,0.159221,0.000000,3.858387,0.000000,  STDIO,update,0,1,0,0
16,1024,1048576,0.000000,0.000000,0.001258,0.000550,0.181937,0.000000,3.262347,0.000000,  MPIIO,update,0,1,0,0
16,1024,1048576,0.000000,0.000000,0.000125,0.000024,0.438993,0.122477,3.333813,0.000000,  POSIX,worm,0,1,0,0
16,1024,1048576,0.000000,0.000000,0.000124,0.000077,0.406303,0.122688,3.341934,0.000000,  STDIO,worm,0,1,0,0
16,1024,1048576,0.000000,0.000000,0.010995,0.001106,0.406286,0.122867,3.193180,0.000000,  MPIIO,worm,0,1,0,0
16,1024,1048576,0.000000,0.000000,0.000089,0.000022,0.226777,0.000000,3.152664,0.000000,  POSIX,  wo,1,0,0,0
16,1024,1048576,0.000000,0.000000,0.000082,0.000060,0.234947,0.000000,3.678814,0.000000,  STDIO,  wo,1,0,0,0
16,1024,1048576,0.000000,0.000000,0.008999,0.000652,0.225881,0.000000,3.505661,0.000000,  MPIIO,  wo,1,0,0,0
16,1024,1048576,0.000000,0.000000,0.000031,0.000008,0.000000,0.119043,0.000000,3.841480,  POSIX,  ro,1,0,0,0
16,1024,1048576,0.000000,0.000000,0.000042,0.000045,0.000000,0.108295,0.000000,2.720388,  STDIO,  ro,1,0,0,0
16,1024,1048576,0.000000,0.000000,0.000876,0.000399,0.000000,0.107443,0.000000,2.735597,  MPIIO,  ro,1,0,0,0
16,1024,1048576,0.000000,0.000000,0.000132,0.000027,0.229216,0.187469,3.189441,0.000000,  POSIX, raw,1,0,0,0
16,1024,1048576,0.000000,0.000000,0.000134,0.000082,0.231909,0.121991,3.147253,0.000000,  STDIO, raw,1,0,0,0
16,1024,1048576,0.000000,0.000000,0.004945,0.001032,0.225740,0.122444,3.520152,0.000000,  MPIIO, raw,1,0,0,0
16,1024,1048576,0.000000,0.000000,0.000043,0.000023,0.179901,0.000000,3.159166,0.000000,  POSIX,update,1,0,0,0
16,1024,1048576,0.000000,0.000000,0.056818,0.000042,0.165667,0.000000,3.019919,0.000000,  STDIO,update,1,0,0,0
16,1024,1048576,0.000000,0.000000,0.001258,0.000552,0.178673,0.000000,3.019346,0.000000,  MPIIO,update,1,0,0,0
16,1024,1048576,0.000000,0.000000,0.000126,0.000024,0.440056,0.122523,3.288507,0.000000,  POSIX,worm,1,0,0,0
16,1024,1048576,0.000000,0.000000,0.000127,0.000078,0.407300,0.122866,3.202657,0.000000,  STDIO,worm,1,0,0,0
16,1024,1048576,0.000000,0.000000,0.004944,0.001142,0.408105,0.123388,3.478444,0.000000,  MPIIO,worm,1,0,0,0
16,1024,1048576,0.000000,0.000000,0.000032,0.000008,0.000000,0.108830,0.000000,2.719515,  POSIX,  ro,1,1,0,0
16,1024,1048576,0.000000,0.000000,0.000040,0.000042,0.000000,0.108072,0.000000,2.720212,  STDIO,  ro,1,1,0,0
16,1024,1048576,0.000000,0.000000,0.000876,0.000407,0.000000,0.107410,0.000000,2.734475,  MPIIO,  ro,1,1,0,0
16,1024,1048576,0.000000,0.000000,0.000133,0.000027,0.229298,0.185095,3.842716,0.000000,  POSIX, raw,1,1,0,0
16,1024,1048576,0.000000,0.000000,0.000125,0.000081,0.232204,0.121929,3.270568,0.000000,  STDIO, raw,1,1,0,0
16,1024,1048576,0.000000,0.000000,0.004357,0.001050,0.226909,0.123279,3.581692,0.000000,  MPIIO, raw,1,1,0,0
16,1024,1048576,0.000000,0.000000,0.000043,0.000025,0.182945,0.000000,3.240978,0.000000,  POSIX,update,1,1,0,0
16,1024,1048576,0.000000,0.000000,0.052352,0.000045,0.158241,0.000000,3.003385,0.000000,  STDIO,update,1,1,0,0
16,1024,1048576,0.000000,0.000000,0.001242,0.000538,0.182028,0.000000,3.068519,0.000000,  MPIIO,update,1,1,0,0
16,1024,1048576,0.000000,0.000000,0.000130,0.000024,0.440991,0.122646,3.025651,0.000000,  POSIX,worm,1,1,0,0
16,1024,1048576,0.000000,0.000000,0.000134,0.000083,0.407738,0.122678,3.303101,0.000000,  STDIO,worm,1,1,0,0
16,1024,1048576,0.000000,0.000000,0.004378,0.001116,0.407655,0.122747,3.017128,0.000000,  MPIIO,worm,1,1,0,0
16,1024,1048576,0.000000,0.000000,1.411400,0.000222,1.577610,0.000000,0.000000,0.000000,  POSIX,  wo,2,0,0,0
16,1024,1048576,0.000000,0.000000,1.408180,0.000282,1.393428,0.000000,0.000000,0.000000,  STDIO,  wo,2,0,0,0
16,1024,1048576,0.000000,0.000000,1.430251,0.001584,1.449208,0.000000,0.000000,0.000000,  MPIIO,  wo,2,0,0,0
16,1024,1048576,0.000000,0.000000,0.000051,0.000039,0.000000,0.882018,0.000000,0.000000,  POSIX,  ro,2,0,0,0
16,1024,1048576,0.000000,0.000000,0.000053,0.000066,0.000000,0.929037,0.000000,0.000000,  STDIO,  ro,2,0,0,0
16,1024,1048576,0.000000,0.000000,0.001097,0.000631,0.000000,0.931869,0.000000,0.000000,  MPIIO,  ro,2,0,0,0
16,1024,1048576,0.000000,0.000000,1.440474,0.000261,1.733227,1.057096,0.000000,0.000000,  POSIX, raw,2,0,0,0
16,1024,1048576,0.000000,0.000000,0.727595,0.000145,0.978568,1.059399,0.000000,0.000000,  POSIX, raw,2,0,0,1
16,1024,1048576,0.000000,0.000000,0.757519,0.000152,0.829519,1.046093,0.000000,0.000000,  POSIX, raw,2,0,0,1
16,1024,1048576,0.000000,0.000000,1.314212,0.000362,1.564494,1.075191,0.000000,0.000000,  STDIO, raw,2,0,0,0
16,1024,1048576,0.000000,0.000000,0.785721,0.000220,0.717780,1.051267,0.000000,0.000000,  STDIO, raw,2,0,0,1
16,1024,1048576,0.000000,0.000000,0.786178,0.000222,0.688198,1.064819,0.000000,0.000000,  STDIO, raw,2,0,0,1
16,1024,1048576,0.000000,0.000000,1.387724,0.002280,1.469038,1.070174,0.000000,0.000000,  MPIIO, raw,2,0,0,0
16,1024,1048576,0.000000,0.000000,1.050332,0.001218,0.707272,1.021949,0.000000,0.000000,  MPIIO, raw,2,0,0,1
16,1024,1048576,0.000000,0.000000,0.823968,0.001384,0.790269,1.047895,0.000000,0.000000,  MPIIO, raw,2,0,0,1
16,1024,1048576,0.000000,0.000000,0.000153,0.000096,1.714722,0.000000,0.000000,0.000000,  POSIX,update,2,0,0,0
16,1024,1048576,0.000000,0.000000,0.612530,0.000203,0.587297,0.000000,0.000000,0.000000,  STDIO,update,2,0,0,0
16,1024,1048576,0.000000,0.000000,0.002015,0.001099,1.668427,0.000000,0.000000,0.000000,  MPIIO,update,2,0,0,0
16,1024,1048576,0.000000,0.000000,1.284792,0.000568,1.923979,1.126586,0.000000,0.000000,  POSIX,worm,2,0,0,0
16,1024,1048576,0.000000,0.000000,0.913883,0.000154,1.024337,1.059335,0.000000,0.000000,  POSIX,worm,2,0,0,1
16,1024,1048576,0.000000,0.000000,0.674176,0.000165,1.000717,1.054255,0.000000,0.000000,  POSIX,worm,2,0,0,1
16,1024,1048576,0.000000,0.000000,1.289552,0.000355,1.572397,1.118022,0.000000,0.000000,  STDIO,worm,2,0,0,0
16,1024,1048576,0.000000,0.000000,0.666733,0.000240,1.021810,1.089529,0.000000,0.000000,  STDIO,worm,2,0,0,1
16,1024,1048576,0.000000,0.000000,0.669576,0.000223,1.034285,1.103465,0.000000,0.000000,  STDIO,worm,2,0,0,1
16,1024,1048576,0.000000,0.000000,1.310839,0.002440,1.570404,1.137379,0.000000,0.000000,  MPIIO,worm,2,0,0,0
16,1024,1048576,0.000000,0.000000,0.971876,0.001294,0.932349,1.105177,0.000000,0.000000,  MPIIO,worm,2,0,0,1
16,1024,1048576,0.000000,0.000000,1.073918,0.001325,0.964257,1.025327,0.000000,0.000000,  MPIIO,worm,2,0,0,1
16,1024,1048576,0.000000,0.000000,0.000051,0.000036,0.000000,0.939889,0.000000,0.000000,  POSIX,  ro,2,1,0,0
16,1024,1048576,0.000000,0.000000,0.000368,0.000064,0.000000,0.972507,0.000000,0.000000,  STDIO,  ro,2,1,0,0
16,1024,1048576,0.000000,0.000000,0.001117,0.000709,0.000000,4.269611,0.000000,0.000000,  MPIIO,  ro,2,1,0,0
16,1024,1048576,0.000000,0.000000,2.549499,0.000260,1.954410,1.134359,0.000000,0.000000,  POSIX, raw,2,1,0,0
16,1024,1048576,0.000000,0.000000,1.236043,0.000170,1.027210,1.068162,0.000000,0.000000,  POSIX, raw,2,1,0,1
16,1024,1048576,0.000000,0.000000,1.433751,0.000155,1.024084,1.045347,0.000000,0.000000,  POSIX, raw,2,1,0,1
16,1024,1048576,0.000000,0.000000,1.419565,0.000321,1.499291,1.154706,0.000000,0.000000,  STDIO, raw,2,1,0,0
16,1024,1048576,0.000000,0.000000,1.320776,0.000160,1.789897,1.857854,0.000000,0.000000,  STDIO, raw,2,1,0,1
16,1024,1048576,0.000000,0.000000,0.996670,0.000193,0.625760,1.022836,0.000000,0.000000,  STDIO, raw,2,1,0,1
16,1024,1048576,0.000000,0.000000,1.354481,0.002082,1.541902,3.906977,0.000000,0.000000,  MPIIO, raw,2,1,0,0
16,1024,1048576,0.000000,0.000000,1.027921,0.000856,1.976625,3.690463,0.000000,0.000000,  MPIIO, raw,2,1,0,1
16,1024,1048576,0.000000,0.000000,1.332438,0.001341,1.149304,3.606294,0.000000,0.000000,  MPIIO, raw,2,1,0,1
16,1024,1048576,0.000000,0.000000,0.086682,0.000023,56.211674,0.000000,0.000000,0.000000,  POSIX,update,2,1,0,0
16,1024,1048576,0.000000,0.000000,0.335162,0.028075,46.585413,0.000000,0.000000,0.000000,  STDIO,update,2,1,0,0
16,1024,1048576,0.000000,0.000000,0.001195,0.000405,62.744846,0.000000,0.000000,0.000000,  MPIIO,update,2,1,0,0
16,1024,1048576,0.000000,0.000000,2.479232,0.000240,1.670442,1.225232,0.000000,0.000000,  POSIX,worm,2,1,0,0
16,1024,1048576,0.000000,0.000000,0.755122,0.000138,2.499672,1.035073,0.000000,0.000000,  POSIX,worm,2,1,0,1
16,1024,1048576,0.000000,0.000000,0.707187,0.000170,1.007041,1.056939,0.000000,0.000000,  POSIX,worm,2,1,0,1
16,1024,1048576,0.000000,0.000000,1.459348,0.000385,1.566904,1.136663,0.000000,0.000000,  STDIO,worm,2,1,0,0
16,1024,1048576,0.000000,0.000000,0.713939,0.000194,1.032036,1.078429,0.000000,0.000000,  STDIO,worm,2,1,0,1
16,1024,1048576,0.000000,0.000000,0.640276,0.000200,1.041065,1.339424,0.000000,0.000000,  STDIO,worm,2,1,0,1
16,1024,1048576,0.000000,0.000000,1.311970,0.003602,1.590664,5.730631,0.000000,0.000000,  MPIIO,worm,2,1,0,0
16,1024,1048576,0.000000,0.000000,0.692026,0.001228,0.959601,4.010650,0.000000,0.000000,  MPIIO,worm,2,1,0,1
16,1024,1048576,0.000000,0.000000,0.730394,0.001168,1.002986,3.507986,0.000000,0.000000,  MPIIO,worm,2,1,0,1
32,1024,1048576,0.000000,0.000000,0.000084,0.000025,0.240746,0.000000,4.107726,0.000000,  POSIX,  wo,0,0,0,0
32,1024,1048576,0.000000,0.000000,0.000077,0.000059,0.231584,0.000000,4.692766,0.000000,  STDIO,  wo,0,0,0,0
32,1024,1048576,0.000000,0.000000,0.032806,0.000648,0.225501,0.000000,4.474677,0.000000,  MPIIO,  wo,0,0,0,0
32,1024,1048576,0.000000,0.000000,0.000032,0.000009,0.000000,0.104961,0.000000,2.624706,  POSIX,  ro,0,0,0,0
32,1024,1048576,0.000000,0.000000,0.000042,0.000051,0.000000,0.102786,0.000000,2.605511,  STDIO,  ro,0,0,0,0
32,1024,1048576,0.000000,0.000000,0.000918,0.000465,0.000000,0.101784,0.000000,2.472744,  MPIIO,  ro,0,0,0,0
32,1024,1048576,0.000000,0.000000,0.000131,0.000025,0.229248,0.122537,4.892935,0.000000,  POSIX, raw,0,0,0,0
32,1024,1048576,0.000000,0.000000,0.000130,0.000075,0.233062,0.122410,4.948759,0.000000,  STDIO, raw,0,0,0,0
32,1024,1048576,0.000000,0.000000,0.012993,0.001082,0.224451,0.123386,5.461528,0.000000,  MPIIO, raw,0,0,0,0
32,1024,1048576,0.000000,0.000000,0.000041,0.000024,0.178783,0.000000,3.896536,0.000000,  POSIX,update,0,0,0,0
32,1024,1048576,0.000000,0.000000,0.056467,0.000042,0.165063,0.000000,4.251170,0.000000,  STDIO,update,0,0,0,0
32,1024,1048576,0.000000,0.000000,0.001268,0.000597,0.180131,0.000000,4.303312,0.000000,  MPIIO,update,0,0,0,0
32,1024,1048576,0.000000,0.000000,0.000127,0.000022,0.465215,0.122759,4.271461,0.000000,  POSIX,worm,0,0,0,0
32,1024,1048576,0.000000,0.000000,0.000127,0.000074,0.406465,0.123008,4.319339,0.000000,  STDIO,worm,0,0,0,0
32,1024,1048576,0.000000,0.000000,0.005826,0.001157,0.406826,0.123593,4.603874,0.000000,  MPIIO,worm,0,0,0,0
32,1024,1048576,0.000000,0.000000,0.000033,0.000009,0.000000,0.103489,0.000000,2.640951,  POSIX,  ro,0,1,0,0
32,1024,1048576,0.000000,0.000000,0.000043,0.000054,0.000000,0.105420,0.000000,2.686245,  STDIO,  ro,0,1,0,0
32,1024,1048576,0.000000,0.000000,0.000912,0.000488,0.000000,0.097579,0.000000,2.427873,  MPIIO,  ro,0,1,0,0
32,1024,1048576,0.000000,0.000000,0.000132,0.000025,0.229637,0.122493,4.359122,0.000000,  POSIX, raw,0,1,0,0
32,1024,1048576,0.000000,0.000000,0.000128,0.000074,0.233069,0.122359,4.736109,0.000000,  STDIO, raw,0,1,0,0
32,1024,1048576,0.000000,0.000000,0.011863,0.001097,0.225563,0.123516,4.899422,0.000000,  MPIIO, raw,0,1,0,0
32,1024,1048576,0.000000,0.000000,0.000039,0.000022,0.183035,0.000000,5.506111,0.000000,  POSIX,update,0,1,0,0
32,1024,1048576,0.000000,0.000000,0.052267,0.000044,0.158159,0.000000,4.234788,0.000000,  STDIO,update,0,1,0,0
32,1024,1048576,0.000000,0.000000,0.001275,0.000551,0.182062,0.000000,5.145822,0.000000,  MPIIO,update,0,1,0,0
32,1024,1048576,0.000000,0.000000,0.000130,0.000023,0.454771,0.122753,4.495904,0.000000,  POSIX,worm,0,1,0,0
32,1024,1048576,0.000000,0.000000,0.000132,0.000073,0.405094,0.122906,4.310643,0.000000,  STDIO,worm,0,1,0,0
32,1024,1048576,0.000000,0.000000,0.007164,0.001146,0.405235,0.122978,4.721038,0.000000,  MPIIO,worm,0,1,0,0
32,1024,1048576,0.000000,0.000000,0.000094,0.000022,0.226958,0.000000,4.284478,0.000000,  POSIX,  wo,1,0,0,0
32,1024,1048576,0.000000,0.000000,0.000079,0.000057,0.233100,0.000000,4.365187,0.000000,  STDIO,  wo,1,0,0,0
32,1024,1048576,0.000000,0.000000,0.004568,0.000640,0.226276,0.000000,4.961140,0.000000,  MPIIO,  wo,1,0,0,0
32,1024,1048576,0.000000,0.000000,0.000033,0.000009,0.000000,0.100844,0.000000,2.504264,  POSIX,  ro,1,0,0,0
32,1024,1048576,0.000000,0.000000,0.000043,0.000052,0.000000,0.100607,0.000000,2.498104,  STDIO,  ro,1,0,0,0
32,1024,1048576,0.000000,0.000000,0.000927,0.000442,0.000000,0.101280,0.000000,2.626833,  MPIIO,  ro,1,0,0,0
32,1024,1048576,0.000000,0.000000,0.000132,0.000025,0.230029,0.122596,4.356154,0.000000,  POSIX, raw,1,0,0,0
32,1024,1048576,0.000000,0.000000,0.000132,0.000074,0.234264,0.122357,4.393753,0.000000,  STDIO, raw,1,0,0,0
32,1024,1048576,0.000000,0.000000,0.005551,0.001073,0.225325,0.123275,4.329378,0.000000,  MPIIO, raw,1,0,0,0
32,1024,1048576,0.000000,0.000000,0.000042,0.000025,0.179451,0.000000,3.982137,0.000000,  POSIX,update,1,0,0,0
32,1024,1048576,0.000000,0.000000,0.056547,0.000042,0.165462,0.000000,4.439179,0.000000,  STDIO,update,1,0,0,0
32,1024,1048576,0.000000,0.000000,0.001289,0.000562,0.178418,0.000000,4.214399,0.000000,  MPIIO,update,1,0,0,0
32,1024,1048576,0.000000,0.000000,0.000130,0.000023,0.454435,0.122966,4.413300,0.000000,  POSIX,worm,1,0,0,0
32,1024,1048576,0.000000,0.000000,0.000128,0.000078,0.404222,0.123129,4.389153,0.000000,  STDIO,worm,1,0,0,0
32,1024,1048576,0.000000,0.000000,0.006311,0.001126,0.404347,0.123572,4.358183,0.000000,  MPIIO,worm,1,0,0,0
32,1024,1048576,0.000000,0.000000,0.000033,0.000009,0.000000,0.094883,0.000000,2.441255,  POSIX,  ro,1,1,0,0
32,1024,1048576,0.000000,0.000000,0.000043,0.000049,0.000000,0.101911,0.000000,2.553949,  STDIO,  ro,1,1,0,0
32,1024,1048576,0.000000,0.000000,0.000927,0.000468,0.000000,0.099430,0.000000,2.398803,  MPIIO,  ro,1,1,0,0
32,1024,1048576,0.000000,0.000000,0.000134,0.000025,0.229686,0.122561,4.284586,0.000000,  POSIX, raw,1,1,0,0
32,1024,1048576,0.000000,0.000000,0.000130,0.000078,0.233283,0.122493,4.549138,0.000000,  STDIO, raw,1,1,0,0
32,1024,1048576,0.000000,0.000000,0.005644,0.001078,0.225727,0.123554,4.869638,0.000000,  MPIIO, raw,1,1,0,0
32,1024,1048576,0.000000,0.000000,0.000041,0.000024,0.182952,0.000000,4.365459,0.000000,  POSIX,update,1,1,0,0
32,1024,1048576,0.000000,0.000000,0.051787,0.000045,0.157588,0.000000,4.354859,0.000000,  STDIO,update,1,1,0,0
32,1024,1048576,0.000000,0.000000,0.001303,0.000554,0.181666,0.000000,4.140382,0.000000,  MPIIO,update,1,1,0,0
32,1024,1048576,0.000000,0.000000,0.000131,0.000023,0.433375,0.122845,4.377178,0.000000,  POSIX,worm,1,1,0,0
32,1024,1048576,0.000000,0.000000,0.000131,0.000078,0.404018,0.123077,4.338535,0.000000,  STDIO,worm,1,1,0,0
32,1024,1048576,0.000000,0.000000,0.173172,0.001138,0.402616,0.122870,4.266176,0.000000,  MPIIO,worm,1,1,0,0
32,1024,1048576,0.000000,0.000000,1.698344,0.000199,2.553475,0.000000,0.000000,0.000000,  POSIX,  wo,2,0,0,0
32,1024,1048576,0.000000,0.000000,1.839997,0.000232,2.942923,0.000000,0.000000,0.000000,  STDIO,  wo,2,0,0,0
32,1024,1048576,0.000000,0.000000,2.527834,0.000922,1.562669,0.000000,0.000000,0.000000,  MPIIO,  wo,2,0,0,0
32,1024,1048576,0.000000,0.000000,0.000054,0.000037,0.000000,1.441416,0.000000,0.000000,  POSIX,  ro,2,0,0,0
32,1024,1048576,0.000000,0.000000,0.000056,0.000059,0.000000,3.046179,0.000000,0.000000,  STDIO,  ro,2,0,0,0
32,1024,1048576,0.000000,0.000000,0.001129,0.000589,0.000000,1.316847,0.000000,0.000000,  MPIIO,  ro,2,0,0,0
32,1024,1048576,0.000000,0.000000,2.183745,0.000242,2.528845,1.186789,0.000000,0.000000,  POSIX, raw,2,0,0,0
32,1024,1048576,0.000000,0.000000,1.105783,0.000155,0.879928,0.995799,0.000000,0.000000,  POSIX, raw,2,0,0,1
32,1024,1048576,0.000000,0.000000,0.809538,0.000162,1.523628,1.011252,0.000000,0.000000,  POSIX, raw,2,0,0,1
32,1024,1048576,0.000000,0.000000,1.796554,0.000330,2.453844,1.273145,0.000000,0.000000,  STDIO, raw,2,0,0,0
32,1024,1048576,0.000000,0.000000,0.814738,0.000164,1.262127,0.961790,0.000000,0.000000,  STDIO, raw,2,0,0,1
32,1024,1048576,0.000000,0.000000,0.806516,0.000175,1.410547,1.008556,0.000000,0.000000,  STDIO, raw,2,0,0,1
32,1024,1048576,0.000000,0.000000,1.914379,0.001616,1.935750,1.475811,0.000000,0.000000,  MPIIO, raw,2,0,0,0
32,1024,1048576,0.000000,0.000000,0.952303,0.001177,1.308769,1.022502,0.000000,0.000000,  MPIIO, raw,2,0,0,1
32,1024,1048576,0.000000,0.000000,0.988440,0.001054,0.854738,0.977443,0.000000,0.000000,  MPIIO, raw,2,0,0,1
32,1024,1048576,0.000000,0.000000,0.000148,0.000081,3.021432,0.000000,0.000000,0.000000,  POSIX,update,2,0,0,0
32,1024,1048576,0.000000,0.000000,1.634850,0.000197,0.548056,0.000000,0.000000,0.000000,  STDIO,update,2,0,0,0
32,1024,1048576,0.000000,0.000000,0.002055,0.000894,2.925423,0.000000,0.000000,0.000000,  MPIIO,update,2,0,0,0
32,1024,1048576,0.000000,0.000000,1.283881,0.000296,2.925956,1.681319,0.000000,0.000000,  POSIX,worm,2,0,0,0
32,1024,1048576,0.000000,0.000000,0.706199,0.000144,1.593780,1.010068,0.000000,0.000000,  POSIX,worm,2,0,0,1
32,1024,1048576,0.000000,0.000000,0.703857,0.000161,1.686902,1.007516,0.000000,0.000000,  POSIX,worm,2,0,0,1
32,1024,1048576,0.000000,0.000000,1.405239,0.000398,2.963513,1.553698,0.000000,0.000000,  STDIO,worm,2,0,0,0
32,1024,1048576,0.000000,0.000000,0.739774,0.000214,1.572446,0.983005,0.000000,0.000000,  STDIO,worm,2,0,0,1
32,1024,1048576,0.000000,0.000000,0.822166,0.000222,1.601115,0.963603,0.000000,0.000000,  STDIO,worm,2,0,0,1
32,1024,1048576,0.000000,0.000000,1.999082,0.001821,1.888358,1.499113,0.000000,0.000000,  MPIIO,worm,2,0,0,0
32,1024,1048576,0.000000,0.000000,0.802994,0.001243,1.467967,0.992308,0.000000,0.000000,  MPIIO,worm,2,0,0,1
32,1024,1048576,0.000000,0.000000,0.996388,0.001228,0.772318,0.977593,0.000000,0.000000,  MPIIO,worm,2,0,0,1
32,1024,1048576,0.000000,0.000000,0.000052,0.000037,0.000000,1.232759,0.000000,0.000000,  POSIX,  ro,2,1,0,0
32,1024,1048576,0.000000,0.000000,0.000053,0.000063,0.000000,1.419925,0.000000,0.000000,  STDIO,  ro,2,1,0,0
32,1024,1048576,0.000000,0.000000,0.001159,0.000570,0.000000,3.077039,0.000000,0.000000,  MPIIO,  ro,2,1,0,0
32,1024,1048576,0.000000,0.000000,1.755328,0.000227,2.364214,1.567081,0.000000,0.000000,  POSIX, raw,2,1,0,0
32,1024,1048576,0.000000,0.000000,1.262789,0.000130,1.118711,0.982812,0.000000,0.000000,  POSIX, raw,2,1,0,1
32,1024,1048576,0.000000,0.000000,0.859682,0.000132,1.213537,0.982407,0.000000,0.000000,  POSIX, raw,2,1,0,1
32,1024,1048576,0.000000,0.000000,1.815625,0.000301,2.620122,1.125816,0.000000,0.000000,  STDIO, raw,2,1,0,0
32,1024,1048576,0.000000,0.000000,0.805806,0.000184,1.376128,1.001899,0.000000,0.000000,  STDIO, raw,2,1,0,1
32,1024,1048576,0.000000,0.000000,0.818180,0.000177,1.333328,0.995649,0.000000,0.000000,  STDIO, raw,2,1,0,1
32,1024,1048576,0.000000,0.000000,1.910056,0.001833,2.256263,4.994283,0.000000,0.000000,  MPIIO, raw,2,1,0,0
32,1024,1048576,0.000000,0.000000,1.414082,0.000993,0.719866,5.725733,0.000000,0.000000,  MPIIO, raw,2,1,0,1
32,1024,1048576,0.000000,0.000000,1.138217,0.001105,0.704603,5.036060,0.000000,0.000000,  MPIIO, raw,2,1,0,1
32,1024,1048576,0.000000,0.000000,0.000069,0.000022,67.288227,0.000000,0.000000,0.000000,  POSIX,update,2,1,0,0
32,1024,1048576,0.000000,0.000000,0.734404,0.036837,60.067098,0.000000,0.000000,0.000000,  STDIO,update,2,1,0,0
32,1024,1048576,0.000000,0.000000,0.001264,0.000434,65.783523,0.000000,0.000000,0.000000,  MPIIO,update,2,1,0,0
32,1024,1048576,0.000000,0.000000,1.519851,0.000275,3.022097,1.112767,0.000000,0.000000,  POSIX,worm,2,1,0,0
32,1024,1048576,0.000000,0.000000,0.719110,0.000192,1.572810,0.995012,0.000000,0.000000,  POSIX,worm,2,1,0,1
32,1024,1048576,0.000000,0.000000,0.730157,0.000151,1.514514,0.989503,0.000000,0.000000,  POSIX,worm,2,1,0,1
32,1024,1048576,0.000000,0.000000,1.545813,0.000379,3.073251,1.280306,0.000000,0.000000,  STDIO,worm,2,1,0,0
32,1024,1048576,0.000000,0.000000,0.737031,0.000193,1.514895,1.004525,0.000000,0.000000,  STDIO,worm,2,1,0,1
32,1024,1048576,0.000000,0.000000,0.719167,0.000207,1.519817,1.002257,0.000000,0.000000,  STDIO,worm,2,1,0,1
32,1024,1048576,0.000000,0.000000,2.544564,0.001762,1.306693,5.591306,0.000000,0.000000,  MPIIO,worm,2,1,0,0
32,1024,1048576,0.000000,0.000000,0.843934,0.001093,1.362316,3.971053,0.000000,0.000000,  MPIIO,worm,2,1,0,1
32,1024,1048576,0.000000,0.000000,0.769769,0.001193,1.394556,4.920474,0.000000,0.000000,  MPIIO,worm,2,1,0,1
64,1024,1048576,0.000000,0.000000,0.000082,0.000025,0.246046,0.000000,6.928158,0.000000,  POSIX,  wo,0,0,0,0
64,1024,1048576,0.000000,0.000000,0.000079,0.000060,0.230593,0.000000,6.625033,0.000000,  STDIO,  wo,0,0,0,0
64,1024,1048576,0.000000,0.000000,0.047223,0.000657,0.224789,0.000000,6.114667,0.000000,  MPIIO,  wo,0,0,0,0
64,1024,1048576,0.000000,0.000000,0.000032,0.000009,0.000000,0.086989,0.000000,2.558835,  POSIX,  ro,0,0,0,0
64,1024,1048576,0.000000,0.000000,0.000042,0.000056,0.000000,0.085247,0.000000,3.222434,  STDIO,  ro,0,0,0,0
64,1024,1048576,0.000000,0.000000,0.000866,0.000464,0.000000,0.090014,0.000000,2.387710,  MPIIO,  ro,0,0,0,0
64,1024,1048576,0.000000,0.000000,0.000131,0.000025,0.228779,0.122145,7.116522,0.000000,  POSIX, raw,0,0,0,0
64,1024,1048576,0.000000,0.000000,0.000127,0.000075,0.232522,0.121954,6.991895,0.000000,  STDIO, raw,0,0,0,0
64,1024,1048576,0.000000,0.000000,0.041419,0.001104,0.225502,0.122508,6.967540,0.000000,  MPIIO, raw,0,0,0,0
64,1024,1048576,0.000000,0.000000,0.000043,0.000024,0.179596,0.000000,6.223778,0.000000,  POSIX,update,0,0,0,0
64,1024,1048576,0.000000,0.000000,0.056815,0.000042,0.165130,0.000000,6.723362,0.000000,  STDIO,update,0,0,0,0
64,1024,1048576,0.000000,0.000000,0.001265,0.000555,0.177788,0.000000,5.973563,0.000000,  MPIIO,update,0,0,0,0
64,1024,1048576,0.000000,0.000000,0.000128,0.000023,0.439688,0.122427,7.052447,0.000000,  POSIX,worm,0,0,0,0
64,1024,1048576,0.000000,0.000000,0.000124,0.000076,0.405482,0.122549,7.208774,0.000000,  STDIO,worm,0,0,0,0
64,1024,1048576,0.000000,0.000000,0.043788,0.001154,0.405552,0.123140,6.545223,0.000000,  MPIIO,worm,0,0,0,0
64,1024,1048576,0.000000,0.000000,0.000032,0.000009,0.000000,0.087739,0.000000,2.656661,  POSIX,  ro,0,1,0,0
64,1024,1048576,0.000000,0.000000,0.000042,0.000053,0.000000,0.085830,0.000000,2.683125,  STDIO,  ro,0,1,0,0
64,1024,1048576,0.000000,0.000000,0.000876,0.000472,0.000000,0.088294,0.000000,2.634628,  MPIIO,  ro,0,1,0,0
64,1024,1048576,0.000000,0.000000,0.000133,0.000026,0.228857,0.122210,6.693886,0.000000,  POSIX, raw,0,1,0,0
64,1024,1048576,0.000000,0.000000,0.000125,0.000074,0.233375,0.121770,6.760797,0.000000,  STDIO, raw,0,1,0,0
64,1024,1048576,0.000000,0.000000,0.010399,0.001109,0.222449,0.123186,7.159526,0.000000,  MPIIO, raw,0,1,0,0
64,1024,1048576,0.000000,0.000000,0.000043,0.000022,0.183032,0.000000,5.849524,0.000000,  POSIX,update,0,1,0,0
64,1024,1048576,0.000000,0.000000,0.052399,0.000044,0.157902,0.000000,6.723831,0.000000,  STDIO,update,0,1,0,0
64,1024,1048576,0.000000,0.000000,0.001267,0.000553,0.179982,0.000000,7.254532,0.000000,  MPIIO,update,0,1,0,0
64,1024,1048576,0.000000,0.000000,0.000126,0.000023,0.439764,0.122426,7.861441,0.000000,  POSIX,worm,0,1,0,0
64,1024,1048576,0.000000,0.000000,0.000117,0.000076,0.404096,0.122596,7.038915,0.000000,  STDIO,worm,0,1,0,0
64,1024,1048576,0.000000,0.000000,0.132733,0.001160,0.380573,0.122931,6.807248,0.000000,  MPIIO,worm,0,1,0,0
64,1024,1048576,0.000000,0.000000,0.000090,0.000021,0.226752,0.000000,6.906568,0.000000,  POSIX,  wo,1,0,0,0
64,1024,1048576,0.000000,0.000000,0.000075,0.000055,0.232887,0.000000,6.422967,0.000000,  STDIO,  wo,1,0,0,0
64,1024,1048576,0.000000,0.000000,0.009967,0.000649,0.222695,0.000000,6.034222,0.000000,  MPIIO,  wo,1,0,0,0
64,1024,1048576,0.000000,0.000000,0.000033,0.000009,0.000000,0.082677,0.000000,2.539653,  POSIX,  ro,1,0,0,0
64,1024,1048576,0.000000,0.000000,0.000041,0.000050,0.000000,0.083221,0.000000,2.622322,  STDIO,  ro,1,0,0,0
64,1024,1048576,0.000000,0.000000,0.000869,0.000491,0.000000,0.085690,0.000000,3.348238,  MPIIO,  ro,1,0,0,0
64,1024,1048576,0.000000,0.000000,0.000134,0.000025,0.228927,0.122299,7.095183,0.000000,  POSIX, raw,1,0,0,0
64,1024,1048576,0.000000,0.000000,0.000126,0.000076,0.233016,0.122140,7.175489,0.000000,  STDIO, raw,1,0,0,0
64,1024,1048576,0.000000,0.000000,0.010914,0.001112,0.222472,0.123274,6.722773,0.000000,  MPIIO, raw,1,0,0,0
64,1024,1048576,0.000000,0.000000,0.000044,0.000024,0.178619,0.000000,5.477520,0.000000,  POSIX,update,1,0,0,0
64,1024,1048576,0.000000,0.000000,0.056941,0.000041,0.165225,0.000000,6.541581,0.000000,  STDIO,update,1,0,0,0
64,1024,1048576,0.000000,0.000000,0.001273,0.000573,0.177924,0.000000,6.929417,0.000000,  MPIIO,update,1,0,0,0
64,1024,1048576,0.000000,0.000000,0.000131,0.000023,0.433897,0.122513,6.958017,0.000000,  POSIX,worm,1,0,0,0
64,1024,1048576,0.000000,0.000000,0.000120,0.000078,0.403125,0.122677,6.748102,0.000000,  STDIO,worm,1,0,0,0
64,1024,1048576,0.000000,0.000000,0.019143,0.001146,0.403685,0.123257,7.001542,0.000000,  MPIIO,worm,1,0,0,0
64,1024,1048576,0.000000,0.000000,0.000032,0.000009,0.000000,0.087755,0.000000,2.396488,  POSIX,  ro,1,1,0,0
64,1024,1048576,0.000000,0.000000,0.000042,0.000052,0.000000,0.083806,0.000000,2.344348,  STDIO,  ro,1,1,0,0
64,1024,1048576,0.000000,0.000000,0.000882,0.000498,0.000000,0.085775,0.000000,3.334666,  MPIIO,  ro,1,1,0,0
64,1024,1048576,0.000000,0.000000,0.000132,0.000025,0.229332,0.145249,6.712966,0.000000,  POSIX, raw,1,1,0,0
64,1024,1048576,0.000000,0.000000,0.000126,0.000075,0.233088,0.122031,7.720837,0.000000,  STDIO, raw,1,1,0,0
64,1024,1048576,0.000000,0.000000,0.010951,0.001101,0.221728,0.122985,7.470242,0.000000,  MPIIO, raw,1,1,0,0
64,1024,1048576,0.000000,0.000000,0.000042,0.000024,0.183186,0.000000,6.831851,0.000000,  POSIX,update,1,1,0,0
64,1024,1048576,0.000000,0.000000,0.052501,0.000046,0.157595,0.000000,6.775043,0.000000,  STDIO,update,1,1,0,0
64,1024,1048576,0.000000,0.000000,0.001281,0.000556,0.180909,0.000000,5.940661,0.000000,  MPIIO,update,1,1,0,0
64,1024,1048576,0.000000,0.000000,0.000129,0.000023,0.428295,0.122519,6.679764,0.000000,  POSIX,worm,1,1,0,0
64,1024,1048576,0.000000,0.000000,0.000123,0.000076,0.403032,0.122692,6.786276,0.000000,  STDIO,worm,1,1,0,0
64,1024,1048576,0.000000,0.000000,0.009452,0.001162,0.403160,0.122986,6.903799,0.000000,  MPIIO,worm,1,1,0,0
64,1024,1048576,0.000000,0.000000,3.592425,0.000168,3.639008,0.000000,0.000000,0.000000,  POSIX,  wo,2,0,0,0
64,1024,1048576,0.000000,0.000000,2.716311,0.000201,3.961697,0.000000,0.000000,0.000000,  STDIO,  wo,2,0,0,0
64,1024,1048576,0.000000,0.000000,4.110131,0.000764,2.623766,0.000000,0.000000,0.000000,  MPIIO,  wo,2,0,0,0
64,1024,1048576,0.000000,0.000000,0.000052,0.000036,0.000000,2.500906,0.000000,0.000000,  POSIX,  ro,2,0,0,0
64,1024,1048576,0.000000,0.000000,0.000054,0.000065,0.000000,2.242726,0.000000,0.000000,  STDIO,  ro,2,0,0,0
64,1024,1048576,0.000000,0.000000,0.001089,0.000573,0.000000,2.627917,0.000000,0.000000,  MPIIO,  ro,2,0,0,0
64,1024,1048576,0.000000,0.000000,3.042931,0.000183,3.629726,2.600768,0.000000,0.000000,  POSIX, raw,2,0,0,0
64,1024,1048576,0.000000,0.000000,1.509595,0.000109,1.859644,1.536479,0.000000,0.000000,  POSIX, raw,2,0,0,1
64,1024,1048576,0.000000,0.000000,1.173521,0.000107,2.053198,1.373569,0.000000,0.000000,  POSIX, raw,2,0,0,1
64,1024,1048576,0.000000,0.000000,3.207001,0.000255,4.170352,1.974850,0.000000,0.000000,  STDIO, raw,2,0,0,0
64,1024,1048576,0.000000,0.000000,1.242476,0.000160,1.839910,1.357996,0.000000,0.000000,  STDIO, raw,2,0,0,1
64,1024,1048576,0.000000,0.000000,1.222021,0.000140,1.877296,1.497349,0.000000,0.000000,  STDIO, raw,2,0,0,1
64,1024,1048576,0.000000,0.000000,3.699714,0.001301,2.310780,2.512742,0.000000,0.000000,  MPIIO, raw,2,0,0,0
64,1024,1048576,0.000000,0.000000,1.248232,0.000827,1.734154,1.444545,0.000000,0.000000,  MPIIO, raw,2,0,0,1
64,1024,1048576,0.000000,0.000000,1.631500,0.000868,1.617297,1.676248,0.000000,0.000000,  MPIIO, raw,2,0,0,1
64,1024,1048576,0.000000,0.000000,0.000129,0.000059,6.596042,0.000000,0.000000,0.000000,  POSIX,update,2,0,0,0
64,1024,1048576,0.000000,0.000000,3.564024,0.000185,0.635368,0.000000,0.000000,0.000000,  STDIO,update,2,0,0,0
64,1024,1048576,0.000000,0.000000,0.001934,0.000586,6.256706,0.000000,0.000000,0.000000,  MPIIO,update,2,0,0,0
64,1024,1048576,0.000000,0.000000,2.786678,0.000218,5.670368,1.735489,0.000000,0.000000,  POSIX,worm,2,0,0,0
64,1024,1048576,0.000000,0.000000,0.841650,0.000143,2.832248,1.543907,0.000000,0.000000,  POSIX,worm,2,0,0,1
64,1024,1048576,0.000000,0.000000,0.796750,0.000145,3.024631,1.573164,0.000000,0.000000,  POSIX,worm,2,0,0,1
64,1024,1048576,0.000000,0.000000,4.770623,0.000294,5.421380,1.005639,0.000000,0.000000,  STDIO,worm,2,0,0,0
64,1024,1048576,0.000000,0.000000,0.750058,0.000181,2.961802,1.614453,0.000000,0.000000,  STDIO,worm,2,0,0,1
64,1024,1048576,0.000000,0.000000,0.788942,0.000197,2.911032,1.595318,0.000000,0.000000,  STDIO,worm,2,0,0,1
64,1024,1048576,0.000000,0.000000,4.652766,0.001344,0.965243,2.056464,0.000000,0.000000,  MPIIO,worm,2,0,0,0
64,1024,1048576,0.000000,0.000000,1.131536,0.001128,2.954594,1.505343,0.000000,0.000000,  MPIIO,worm,2,0,0,1
64,1024,1048576,0.000000,0.000000,0.849338,0.000961,2.828936,1.561132,0.000000,0.000000,  MPIIO,worm,2,0,0,1
64,1024,1048576,0.000000,0.000000,0.000047,0.000039,0.000000,3.479609,0.000000,0.000000,  POSIX,  ro,2,1,0,0
64,1024,1048576,0.000000,0.000000,0.000051,0.000064,0.000000,2.801847,0.000000,0.000000,  STDIO,  ro,2,1,0,0
64,1024,1048576,0.000000,0.000000,0.001118,0.000755,0.000000,8.761525,0.000000,0.000000,  MPIIO,  ro,2,1,0,0
64,1024,1048576,0.000000,0.000000,4.646766,0.000179,3.169195,1.512423,0.000000,0.000000,  POSIX, raw,2,1,0,0
64,1024,1048576,0.000000,0.000000,1.605340,0.000108,1.682163,1.513939,0.000000,0.000000,  POSIX, raw,2,1,0,1
64,1024,1048576,0.000000,0.000000,1.235598,0.000114,1.692398,1.460110,0.000000,0.000000,  POSIX, raw,2,1,0,1
64,1024,1048576,0.000000,0.000000,3.954379,0.000257,3.656257,1.634687,0.000000,0.000000,  STDIO, raw,2,1,0,0
64,1024,1048576,0.000000,0.000000,1.259167,0.000143,1.620920,1.512305,0.000000,0.000000,  STDIO, raw,2,1,0,1
64,1024,1048576,0.000000,0.000000,1.285276,0.000153,1.579085,1.536557,0.000000,0.000000,  STDIO, raw,2,1,0,1
64,1024,1048576,0.000000,0.000000,4.122694,0.001235,1.742919,5.651508,0.000000,0.000000,  MPIIO, raw,2,1,0,0
64,1024,1048576,0.000000,0.000000,1.389110,0.000827,1.533508,3.716390,0.000000,0.000000,  MPIIO, raw,2,1,0,1
64,1024,1048576,0.000000,0.000000,1.459778,0.000818,1.152098,2.670922,0.000000,0.000000,  MPIIO, raw,2,1,0,1
64,1024,1048576,0.000000,0.000000,0.000072,0.000022,113.174189,0.000000,0.000000,0.000000,  POSIX,update,2,1,0,0
64,1024,1048576,0.000000,0.000000,1.460158,0.014700,91.486842,0.000000,0.000000,0.000000,  STDIO,update,2,1,0,0
64,1024,1048576,0.000000,0.000000,0.001223,0.000431,114.983567,0.000000,0.000000,0.000000,  MPIIO,update,2,1,0,0
64,1024,1048576,0.000000,0.000000,3.629804,0.000211,5.506760,1.110986,0.000000,0.000000,  POSIX,worm,2,1,0,0
64,1024,1048576,0.000000,0.000000,0.783627,0.000157,2.840534,1.550266,0.000000,0.000000,  POSIX,worm,2,1,0,1
64,1024,1048576,0.000000,0.000000,1.230382,0.000136,3.366758,1.523744,0.000000,0.000000,  POSIX,worm,2,1,0,1
64,1024,1048576,0.000000,0.000000,4.982410,0.000286,5.720999,0.887971,0.000000,0.000000,  STDIO,worm,2,1,0,0
64,1024,1048576,0.000000,0.000000,0.802172,0.000190,2.822027,1.528351,0.000000,0.000000,  STDIO,worm,2,1,0,1
64,1024,1048576,0.000000,0.000000,0.770900,0.000197,2.889990,1.606392,0.000000,0.000000,  STDIO,worm,2,1,0,1
64,1024,1048576,0.000000,0.000000,3.750454,0.003646,2.338496,9.798830,0.000000,0.000000,  MPIIO,worm,2,1,0,0
64,1024,1048576,0.000000,0.000000,0.901028,0.001806,2.679660,3.379644,0.000000,0.000000,  MPIIO,worm,2,1,0,1
64,1024,1048576,0.000000,0.000000,0.958978,0.000939,2.447144,5.279882,0.000000,0.000000,  MPIIO,worm,2,1,0,1
128,1024,1048576,0.000000,0.000000,0.000090,0.000020,0.226718,0.000000,10.340789,0.000000,  POSIX,  wo,0,0,0,0
128,1024,1048576,0.000000,0.000000,0.000078,0.000058,0.230535,0.000000,10.142357,0.000000,  STDIO,  wo,0,0,0,0
128,1024,1048576,0.000000,0.000000,0.081408,0.000644,0.224907,0.000000,9.970968,0.000000,  MPIIO,  wo,0,0,0,0
128,1024,1048576,0.000000,0.000000,0.000030,0.000009,0.000000,0.069027,0.000000,5.682003,  POSIX,  ro,0,0,0,0
128,1024,1048576,0.000000,0.000000,0.000038,0.000047,0.000000,0.069620,0.000000,5.715599,  STDIO,  ro,0,0,0,0
128,1024,1048576,0.000000,0.000000,0.000772,0.000416,0.000000,0.067498,0.000000,9.032132,  MPIIO,  ro,0,0,0,0
128,1024,1048576,0.000000,0.000000,0.000131,0.000026,0.228109,0.121971,12.228631,0.000000,  POSIX, raw,0,0,0,0
128,1024,1048576,0.000000,0.000000,0.000122,0.000081,0.231418,0.121870,833.303417,0.000000,  STDIO, raw,0,0,0,0
128,1024,1048576,0.000000,0.000000,0.018954,0.001090,0.217687,0.123383,27.883639,0.000000,  MPIIO, raw,0,0,0,0
128,1024,1048576,0.000000,0.000000,0.000041,0.000023,0.179741,0.000000,10.304734,0.000000,  POSIX,update,0,0,0,0
128,1024,1048576,0.000000,0.000000,0.056376,0.000041,0.164082,0.000000,10.302351,0.000000,  STDIO,update,0,0,0,0
128,1024,1048576,0.000000,0.000000,0.001247,0.000563,0.177071,0.000000,13.548343,0.000000,  MPIIO,update,0,0,0,0
128,1024,1048576,0.000000,0.000000,0.000125,0.000023,0.430111,0.122376,11.151886,0.000000,  POSIX,worm,0,0,0,0
128,1024,1048576,0.000000,0.000000,0.000117,0.000080,0.407853,0.122719,11.798183,0.000000,  STDIO,worm,0,0,0,0
128,1024,1048576,0.000000,0.000000,0.017883,0.001182,0.407731,0.123238,11.698086,0.000000,  MPIIO,worm,0,0,0,0
128,1024,1048576,0.000000,0.000000,0.000030,0.000009,0.000000,0.070021,0.000000,4.694456,  POSIX,  ro,0,1,0,0
128,1024,1048576,0.000000,0.000000,0.000038,0.000044,0.000000,0.071293,0.000000,4.455436,  STDIO,  ro,0,1,0,0
128,1024,1048576,0.000000,0.000000,0.000800,0.000429,0.000000,0.070566,0.000000,4.545147,  MPIIO,  ro,0,1,0,0
128,1024,1048576,0.000000,0.000000,0.000130,0.000025,0.228570,0.121850,9.665338,0.000000,  POSIX, raw,0,1,0,0
128,1024,1048576,0.000000,0.000000,0.000123,0.000085,0.232530,0.122225,381.039288,0.000000,  STDIO, raw,0,1,0,0
128,1024,1048576,0.000000,0.000000,0.018793,0.001109,0.217901,0.122968,11.625772,0.000000,  MPIIO, raw,0,1,0,0
128,1024,1048576,0.000000,0.000000,0.000043,0.000025,0.182113,0.000000,10.925058,0.000000,  POSIX,update,0,1,0,0
128,1024,1048576,0.000000,0.000000,0.051922,0.000044,0.156625,0.000000,11.133244,0.000000,  STDIO,update,0,1,0,0
128,1024,1048576,0.000000,0.000000,0.001247,0.000561,0.181128,0.000000,10.223360,0.000000,  MPIIO,update,0,1,0,0
128,1024,1048576,0.000000,0.000000,0.000129,0.000024,0.428808,0.122442,727.114879,0.000000,  POSIX,worm,0,1,0,0
128,1024,1048576,0.000000,0.000000,0.000133,0.000078,0.410508,0.122544,11.557477,0.000000,  STDIO,worm,0,1,0,0
128,1024,1048576,0.000000,0.000000,0.018900,0.001200,0.408825,0.122590,11.664096,0.000000,  MPIIO,worm,0,1,0,0
128,1024,1048576,0.000000,0.000000,0.000091,0.000023,0.226613,0.000000,10.536108,0.000000,  POSIX,  wo,1,0,0,0
128,1024,1048576,0.000000,0.000000,0.000076,0.000055,0.231230,0.000000,10.287435,0.000000,  STDIO,  wo,1,0,0,0
128,1024,1048576,0.000000,0.000000,0.016423,0.000661,0.219754,0.000000,11.265876,0.000000,  MPIIO,  wo,1,0,0,0
128,1024,1048576,0.000000,0.000000,0.000031,0.000009,0.000000,0.070761,0.000000,4.753539,  POSIX,  ro,1,0,0,0
128,1024,1048576,0.000000,0.000000,0.000040,0.000044,0.000000,0.071260,0.000000,5.507843,  STDIO,  ro,1,0,0,0
128,1024,1048576,0.000000,0.000000,0.000805,0.000428,0.000000,0.070992,0.000000,4.192005,  MPIIO,  ro,1,0,0,0
128,1024,1048576,0.000000,0.000000,0.000132,0.000025,0.228871,0.122021,11.556949,0.000000,  POSIX, raw,1,0,0,0
128,1024,1048576,0.000000,0.000000,0.000125,0.000080,0.232365,0.121995,11.655211,0.000000,  STDIO, raw,1,0,0,0
128,1024,1048576,0.000000,0.000000,0.019294,0.001100,0.218199,0.123594,12.330387,0.000000,  MPIIO, raw,1,0,0,0
128,1024,1048576,0.000000,0.000000,0.000044,0.000025,0.178537,0.000000,10.538253,0.000000,  POSIX,update,1,0,0,0
128,1024,1048576,0.000000,0.000000,0.056400,0.000041,0.164093,0.000000,13.742002,0.000000,  STDIO,update,1,0,0,0
128,1024,1048576,0.000000,0.000000,0.001268,0.000554,0.177555,0.000000,10.098158,0.000000,  MPIIO,update,1,0,0,0
128,1024,1048576,0.000000,0.000000,0.000128,0.000024,0.426527,0.122474,716.010943,0.000000,  POSIX,worm,1,0,0,0
128,1024,1048576,0.000000,0.000000,0.000126,0.000077,0.410096,0.122653,11.586576,0.000000,  STDIO,worm,1,0,0,0
128,1024,1048576,0.000000,0.000000,0.107242,0.001176,0.408889,0.123176,13.376366,0.000000,  MPIIO,worm,1,0,0,0
128,1024,1048576,0.000000,0.000000,0.000031,0.000009,0.000000,0.069672,0.000000,4.573261,  POSIX,  ro,1,1,0,0
128,1024,1048576,0.000000,0.000000,0.000038,0.000044,0.000000,0.069798,0.000000,4.700202,  STDIO,  ro,1,1,0,0
128,1024,1048576,0.000000,0.000000,0.000806,0.000435,0.000000,0.070783,0.000000,4.218783,  MPIIO,  ro,1,1,0,0
128,1024,1048576,0.000000,0.000000,0.000133,0.000025,0.228772,0.122037,11.502122,0.000000,  POSIX, raw,1,1,0,0
128,1024,1048576,0.000000,0.000000,0.000127,0.000082,0.232770,0.122144,11.544279,0.000000,  STDIO, raw,1,1,0,0
128,1024,1048576,0.000000,0.000000,0.018028,0.001103,0.218830,0.123110,564.484815,0.000000,  MPIIO, raw,1,1,0,0
128,1024,1048576,0.000000,0.000000,0.000043,0.000023,0.182502,0.000000,21.606080,0.000000,  POSIX,update,1,1,0,0
128,1024,1048576,0.000000,0.000000,0.051746,0.000045,0.156686,0.000000,12.596212,0.000000,  STDIO,update,1,1,0,0
128,1024,1048576,0.000000,0.000000,0.001237,0.000559,0.181564,0.000000,12.037871,0.000000,  MPIIO,update,1,1,0,0
128,1024,1048576,0.000000,0.000000,0.000126,0.000024,0.428521,0.122347,335.973660,0.000000,  POSIX,worm,1,1,0,0
128,1024,1048576,0.000000,0.000000,0.000120,0.000077,0.409085,0.122366,11.912429,0.000000,  STDIO,worm,1,1,0,0
128,1024,1048576,0.000000,0.000000,0.018570,0.001184,0.408184,0.122657,11.246099,0.000000,  MPIIO,worm,1,1,0,0
128,1024,1048576,0.000000,0.000000,5.581259,0.000156,5.807401,0.000000,0.000000,0.000000,  POSIX,  wo,2,0,0,0
128,1024,1048576,0.000000,0.000000,5.360480,0.000188,5.917053,0.000000,0.000000,0.000000,  STDIO,  wo,2,0,0,0
128,1024,1048576,0.000000,0.000000,85.689450,0.000718,16.448495,0.000000,0.000000,0.000000,  MPIIO,  wo,2,0,0,0
128,1024,1048576,0.000000,0.000000,0.000051,0.000036,0.000000,5.017511,0.000000,0.000000,  POSIX,  ro,2,0,0,0
128,1024,1048576,0.000000,0.000000,0.000053,0.000060,0.000000,5.210445,0.000000,0.000000,  STDIO,  ro,2,0,0,0
128,1024,1048576,0.000000,0.000000,0.001074,0.000460,0.000000,4.905225,0.000000,0.000000,  MPIIO,  ro,2,0,0,0
128,1024,1048576,0.000000,0.000000,12.416819,0.000536,5.726667,3.414733,0.000000,0.000000,  POSIX, raw,2,0,0,0
128,1024,1048576,0.000000,0.000000,1.378504,0.000094,3.939388,3.557790,0.000000,0.000000,  POSIX, raw,2,0,0,1
128,1024,1048576,0.000000,0.000000,1.513025,0.000098,4.749493,3.656336,0.000000,0.000000,  POSIX, raw,2,0,0,1
128,1024,1048576,0.000000,0.000000,14.848090,0.000246,6.440281,3.285495,0.000000,0.000000,  STDIO, raw,2,0,0,0
128,1024,1048576,0.000000,0.000000,1.135272,0.000131,4.670612,3.651906,0.000000,0.000000,  STDIO, raw,2,0,0,1
128,1024,1048576,0.000000,0.000000,1.476769,0.000130,3.779477,3.651167,0.000000,0.000000,  STDIO, raw,2,0,0,1
128,1024,1048576,0.000000,0.000000,8.245973,0.001214,2.060250,4.279610,0.000000,0.000000,  MPIIO, raw,2,0,0,0
128,1024,1048576,0.000000,0.000000,2.313108,0.000665,1.723071,2.837459,0.000000,0.000000,  MPIIO, raw,2,0,0,1
128,1024,1048576,0.000000,0.000000,2.041605,0.000666,2.437947,3.027153,0.000000,0.000000,  MPIIO, raw,2,0,0,1
128,1024,1048576,0.000000,0.000000,0.000145,0.000058,13.090610,0.000000,0.000000,0.000000,  POSIX,update,2,0,0,0
128,1024,1048576,0.000000,0.000000,8.065826,0.000181,0.859041,0.000000,0.000000,0.000000,  STDIO,update,2,0,0,0
128,1024,1048576,0.000000,0.000000,0.001858,0.000537,12.014521,0.000000,0.000000,0.000000,  MPIIO,update,2,0,0,0
128,1024,1048576,0.000000,0.000000,35.587286,0.000186,12.829042,1.130337,0.000000,0.000000,  POSIX,worm,2,0,0,0
128,1024,1048576,0.000000,0.000000,0.812827,0.000092,5.971518,4.970051,0.000000,0.000000,  POSIX,worm,2,0,0,1
128,1024,1048576,0.000000,0.000000,1.174041,0.000092,4.789987,3.991887,0.000000,0.000000,  POSIX,worm,2,0,0,1
128,1024,1048576,0.000000,0.000000,32.386898,0.000287,10.021218,2.047873,0.000000,0.000000,  STDIO,worm,2,0,0,0
128,1024,1048576,0.000000,0.000000,0.749507,0.000117,5.596330,4.584368,0.000000,0.000000,  STDIO,worm,2,0,0,1
128,1024,1048576,0.000000,0.000000,0.750019,0.000121,5.804141,4.856753,0.000000,0.000000,  STDIO,worm,2,0,0,1
128,1024,1048576,0.000000,0.000000,7.810749,0.001246,2.935878,4.793707,0.000000,0.000000,  MPIIO,worm,2,0,0,0
128,1024,1048576,0.000000,0.000000,1.829018,0.000726,3.432655,3.092030,0.000000,0.000000,  MPIIO,worm,2,0,0,1
128,1024,1048576,0.000000,0.000000,2.611929,0.000714,2.477437,3.311337,0.000000,0.000000,  MPIIO,worm,2,0,0,1
128,1024,1048576,0.000000,0.000000,0.000053,0.000034,0.000000,4.479560,0.000000,0.000000,  POSIX,  ro,2,1,0,0
128,1024,1048576,0.000000,0.000000,0.000056,0.000057,0.000000,4.516980,0.000000,0.000000,  STDIO,  ro,2,1,0,0
128,1024,1048576,0.000000,0.000000,0.001096,0.001495,0.000000,9.289780,0.000000,0.000000,  MPIIO,  ro,2,1,0,0
128,1024,1048576,0.000000,0.000000,15.780188,0.000177,4.550505,2.978933,0.000000,0.000000,  POSIX, raw,2,1,0,0
128,1024,1048576,0.000000,0.000000,1.830080,0.000095,3.138043,3.218308,0.000000,0.000000,  POSIX, raw,2,1,0,1
128,1024,1048576,0.000000,0.000000,1.343244,0.000097,4.045331,3.639922,0.000000,0.000000,  POSIX, raw,2,1,0,1
128,1024,1048576,0.000000,0.000000,8.467574,0.000256,5.058958,3.812692,0.000000,0.000000,  STDIO, raw,2,1,0,0
128,1024,1048576,0.000000,0.000000,1.616978,0.000127,3.355221,3.345064,0.000000,0.000000,  STDIO, raw,2,1,0,1
128,1024,1048576,0.000000,0.000000,1.228339,0.000122,4.515519,3.466559,0.000000,0.000000,  STDIO, raw,2,1,0,1
128,1024,1048576,0.000000,0.000000,7.702682,0.001195,1.925864,9.007042,0.000000,0.000000,  MPIIO, raw,2,1,0,0
128,1024,1048576,0.000000,0.000000,1.448112,0.000658,3.692681,9.673147,0.000000,0.000000,  MPIIO, raw,2,1,0,1
128,1024,1048576,0.000000,0.000000,2.033397,0.004233,2.497709,8.883269,0.000000,0.000000,  MPIIO, raw,2,1,0,1
128,1024,1048576,0.000000,0.000000,0.000070,0.000022,252.175651,0.000000,0.000000,0.000000,  POSIX,update,2,1,0,0
128,1024,1048576,0.000000,0.000000,4.353438,0.106018,170.610063,0.000000,0.000000,0.000000,  STDIO,update,2,1,0,0
128,1024,1048576,0.000000,0.000000,0.001228,0.000427,235.427564,0.000000,0.000000,0.000000,  MPIIO,update,2,1,0,0
128,1024,1048576,0.000000,0.000000,30.741256,0.000216,9.036830,1.333261,0.000000,0.000000,  POSIX,worm,2,1,0,0
128,1024,1048576,0.000000,0.000000,0.967664,0.000098,5.349815,3.814213,0.000000,0.000000,  POSIX,worm,2,1,0,1
128,1024,1048576,0.000000,0.000000,0.775121,0.000094,5.728243,4.549937,0.000000,0.000000,  POSIX,worm,2,1,0,1
128,1024,1048576,0.000000,0.000000,35.016047,0.000250,8.213458,0.906871,0.000000,0.000000,  STDIO,worm,2,1,0,0
128,1024,1048576,0.000000,0.000000,0.806357,0.000123,5.457668,4.853019,0.000000,0.000000,  STDIO,worm,2,1,0,1
128,1024,1048576,0.000000,0.000000,0.869882,0.000125,5.958096,4.789733,0.000000,0.000000,  STDIO,worm,2,1,0,1
128,1024,1048576,0.000000,0.000000,10.126736,0.001283,1.510454,8.818826,0.000000,0.000000,  MPIIO,worm,2,1,0,0
128,1024,1048576,0.000000,0.000000,2.103131,0.000683,1.659573,6.450039,0.000000,0.000000,  MPIIO,worm,2,1,0,1
128,1024,1048576,0.000000,0.000000,2.854234,0.001639,1.907649,9.890908,0.000000,0.000000,  MPIIO,worm,2,1,0,1
